-- phpMyAdmin SQL Dump
-- version 5.2.1
-- https://www.phpmyadmin.net/
--
-- Host: 127.0.0.1
-- Generation Time: May 06, 2025 at 11:48 PM
-- Server version: 10.4.32-MariaDB
-- PHP Version: 8.2.12

SET SQL_MODE = "NO_AUTO_VALUE_ON_ZERO";
START TRANSACTION;
SET time_zone = "+00:00";


/*!40101 SET @OLD_CHARACTER_SET_CLIENT=@@CHARACTER_SET_CLIENT */;
/*!40101 SET @OLD_CHARACTER_SET_RESULTS=@@CHARACTER_SET_RESULTS */;
/*!40101 SET @OLD_COLLATION_CONNECTION=@@COLLATION_CONNECTION */;
/*!40101 SET NAMES utf8mb4 */;

--
-- Database: `nutriplan`
--

-- --------------------------------------------------------

--
-- Table structure for table `ingredients`
--

CREATE TABLE `ingredients` (
  `id_ingredient` int(11) NOT NULL,
  `nom_ingredient` varchar(100) DEFAULT NULL,
  `unite_mesure` varchar(50) DEFAULT NULL,
  `calories` float DEFAULT NULL,
  `proteines` float DEFAULT NULL,
  `glucides` float DEFAULT NULL,
  `lipides` float DEFAULT NULL,
  `fibres` float DEFAULT NULL,
  `autres_nutriments` text DEFAULT NULL
) ENGINE=InnoDB DEFAULT CHARSET=utf8mb4 COLLATE=utf8mb4_general_ci;

--
-- Dumping data for table `ingredients`
--

INSERT INTO `ingredients` (`id_ingredient`, `nom_ingredient`, `unite_mesure`, `calories`, `proteines`, `glucides`, `lipides`, `fibres`, `autres_nutriments`) VALUES
(1, 'Maintain', 'ml', 448.9, 12.5, 75.5, 6.4, 12.5, 'notice'),
(2, 'Sign', 'unités', 378.3, 15.6, 51.5, 13.2, 1.3, 'protect'),
(3, 'Position', 'unités', 323.4, 3, 19.5, 32.3, 13.3, 'author'),
(4, 'School', 'unités', 141.6, 14.7, 61.1, 3.7, 14.5, 'few'),
(5, 'Strong', 'unités', 443.6, 11.9, 17.4, 27.9, 3.4, 'possible'),
(6, 'Population', 'g', 192.6, 25.6, 63.2, 6.8, 7.5, 'early'),
(7, 'Almost', 'unités', 385.6, 0.5, 25.4, 18.5, 13.5, 'country'),
(8, 'Draw', 'unités', 426.4, 10.3, 4.8, 4.9, 9.1, 'plant'),
(9, 'Past', 'ml', 493.9, 25.7, 85.1, 8.6, 4.2, 'pressure'),
(10, 'Deep', 'unités', 178, 4.2, 35.8, 31, 8.4, 'performance'),
(11, 'Decision', 'g', 470.3, 18.8, 13.6, 36.9, 14.2, 'never'),
(12, 'Move', 'g', 424.2, 7.2, 31.8, 24, 13.2, 'them'),
(13, 'Whatever', 'ml', 389, 29.7, 93.9, 17.3, 2.5, 'western'),
(14, 'Thus', 'unités', 235, 18.9, 25.6, 10.1, 0.1, 'can'),
(15, 'Hit', 'unités', 417.7, 20.9, 90.6, 37.3, 4.9, 'respond'),
(16, 'Public', 'ml', 129.1, 17.1, 24.7, 18.4, 14.4, 'hundred'),
(17, 'Start', 'ml', 96.2, 6, 55, 26.7, 6.5, 'course'),
(18, 'Miss', 'g', 320.7, 22.6, 51.2, 18.1, 2.9, 'cultural'),
(19, 'Blue', 'g', 25.4, 5.6, 14.1, 12, 5.5, 'run'),
(20, 'Class', 'unités', 256.1, 23.9, 47.2, 4.9, 4, 'pay'),
(21, 'Central', 'unités', 176.4, 14.4, 28.5, 16.4, 3.9, 'Mrs'),
(22, 'Probably', 'g', 452.7, 14.4, 70.4, 14.6, 1.6, 'skin'),
(23, 'Issue', 'ml', 277.2, 4.1, 12.1, 2.2, 12.9, 'baby'),
(24, 'Still', 'unités', 106.3, 26, 37.6, 29.5, 0.9, 'until'),
(25, 'Also', 'g', 326.3, 2.1, 34.8, 14.1, 1, 'plan'),
(26, 'Order', 'g', 161.2, 8.5, 72.7, 5.9, 8.2, 'law'),
(27, 'Understand', 'ml', 77.9, 27.6, 80.4, 35.3, 7.2, 'professor'),
(28, 'Whom', 'ml', 186.1, 20.6, 98.9, 6.9, 2.1, 'goal'),
(29, 'Commercial', 'ml', 497.3, 0.5, 59.6, 31.2, 4.3, 'southern'),
(30, 'Still', 'g', 177.6, 15.2, 19.4, 36.7, 9.5, 'last'),
(31, 'Ahead', 'ml', 175.5, 28.5, 15.2, 14.2, 5.5, 'difference'),
(32, 'Face', 'unités', 170.7, 2.5, 99.4, 31.5, 1, 'despite'),
(33, 'Shoulder', 'unités', 426.5, 18.1, 56.2, 8.9, 6, 'prove'),
(34, 'Effect', 'unités', 440.7, 11.4, 53.1, 18.3, 6.9, 'the'),
(35, 'Change', 'g', 416.4, 15.2, 46.4, 0.5, 12.7, 'suddenly'),
(36, 'Four', 'ml', 117, 4.9, 95.6, 19.4, 10.9, 'buy'),
(37, 'Method', 'g', 314.8, 20.3, 87.7, 7.3, 7.9, 'eight'),
(38, 'Answer', 'g', 31.5, 7.1, 72.3, 36.1, 10.3, 'traditional'),
(39, 'Help', 'g', 337.4, 4.7, 97, 30.1, 8.6, 'between'),
(40, 'Person', 'ml', 386.8, 26.1, 82.3, 36.6, 3.1, 'idea'),
(41, 'Spend', 'g', 43.8, 23.1, 4, 2.6, 9.3, 'place'),
(42, 'Say', 'unités', 136.6, 25.8, 51.7, 36.9, 15, 'himself'),
(43, 'Central', 'g', 463, 23.4, 4.7, 28.7, 9.8, 'remain'),
(44, 'Different', 'unités', 44.3, 29, 3.5, 6.1, 11.6, 'center'),
(45, 'But', 'g', 113.8, 25.6, 64.5, 5.8, 2.9, 'others'),
(46, 'Imagine', 'g', 354.8, 17.3, 99.2, 16.2, 14.1, 'factor'),
(47, 'Certain', 'ml', 285.3, 2.6, 3.6, 22.1, 8.8, 'rise'),
(48, 'Girl', 'unités', 153.5, 1, 11.4, 18.5, 12.8, 'throw'),
(49, 'Read', 'g', 309.8, 25.1, 91, 31.9, 4.1, 'three'),
(50, 'From', 'ml', 122.7, 12.9, 72, 31, 7.7, 'before'),
(51, 'Fear', 'g', 75.4, 21.8, 89.9, 30.5, 7, 'fight'),
(52, 'Which', 'ml', 397.4, 15.8, 97.8, 20.5, 14.9, 'bring'),
(53, 'Age', 'ml', 226.1, 9.5, 69.2, 32.1, 3.6, 'stay'),
(54, 'Task', 'ml', 211.7, 15.1, 83.5, 20.1, 8, 'happen'),
(55, 'Cell', 'ml', 126.9, 5.6, 3, 31.8, 3.7, 'lay'),
(56, 'Determine', 'ml', 142.3, 24.5, 13.3, 0.8, 6.2, 'let'),
(57, 'Husband', 'g', 173.8, 13.9, 4.3, 2.6, 7.6, 'key'),
(58, 'Perform', 'ml', 412.7, 26, 43.4, 29.1, 12.4, 'door'),
(59, 'Experience', 'ml', 393.2, 26.3, 8.5, 14.4, 14.2, 'again'),
(60, 'Ability', 'ml', 224.7, 6.3, 6.2, 1.5, 7.4, 'face'),
(61, 'Add', 'unités', 433.3, 5.2, 49.7, 22.4, 6.2, 'small'),
(62, 'Catch', 'unités', 270.8, 2, 58.4, 4, 11.1, 'wonder'),
(63, 'Manage', 'g', 371.7, 21, 69.5, 37.1, 5, 'agree'),
(64, 'Fast', 'g', 194.7, 16.3, 92.9, 39.3, 10.9, 'food'),
(65, 'Population', 'ml', 127.4, 15.5, 10.5, 31, 11.9, 'would'),
(66, 'But', 'unités', 480.5, 25.8, 69.2, 22.9, 3, 'audience'),
(67, 'Company', 'ml', 295.3, 23.1, 12.7, 18, 13.1, 'party'),
(68, 'Mean', 'g', 255.6, 20, 49.4, 18.6, 4.3, 'scientist'),
(69, 'Now', 'ml', 79.3, 18.5, 8.8, 1.9, 4.9, 'less'),
(70, 'Picture', 'ml', 449.7, 1.6, 25.8, 31.9, 6.5, 'quality'),
(71, 'Change', 'unités', 258.6, 5.3, 5.6, 6.5, 2.4, 'suffer'),
(72, 'Positive', 'g', 29.9, 20.8, 93.8, 11.1, 1.4, 'necessary'),
(73, 'Thus', 'ml', 93.8, 25.4, 36.7, 14.4, 12.7, 'back'),
(74, 'Low', 'unités', 266.6, 11, 70, 11.8, 1.7, 'serve'),
(75, 'Her', 'unités', 255.8, 21.5, 12.6, 31.2, 11.7, 'account'),
(76, 'Appear', 'g', 70.4, 25.8, 52.2, 36, 13.4, 'budget'),
(77, 'Talk', 'ml', 401, 6.3, 79.5, 34.1, 9.7, 'safe'),
(78, 'Dog', 'ml', 463, 24.2, 28.6, 34.4, 1.5, 'doctor'),
(79, 'Hour', 'g', 45.7, 26, 64.1, 13.6, 3.4, 'name'),
(80, 'Vote', 'ml', 107.1, 23.8, 40.3, 26.2, 3.7, 'federal'),
(81, 'Safe', 'g', 67.3, 23.4, 61.9, 10.6, 11, 'floor'),
(82, 'Beat', 'ml', 345, 25.4, 0.6, 37.3, 10.2, 'cost'),
(83, 'Bit', 'ml', 357.8, 22.5, 16.5, 22, 10.1, 'high'),
(84, 'Forget', 'ml', 90, 14.6, 9.3, 32.6, 2.3, 'raise'),
(85, 'Good', 'unités', 213.8, 17.8, 76.8, 16.7, 1.4, 'still'),
(86, 'Blood', 'ml', 333.5, 19.7, 85.2, 9.2, 1.5, 'wait'),
(87, 'Mrs', 'unités', 276.2, 15.9, 23.4, 19.2, 13.1, 'improve'),
(88, 'Break', 'ml', 194.1, 23.8, 21.7, 2.9, 14.3, 'decade'),
(89, 'Hope', 'unités', 201.3, 6.5, 23.6, 13, 14.2, 'hour'),
(90, 'Human', 'ml', 410.5, 23.9, 83.6, 22.9, 7, 'believe'),
(91, 'Nation', 'ml', 48.8, 18.2, 25.1, 20, 9.7, 'push'),
(92, 'Board', 'ml', 369.1, 10.9, 76.5, 21.7, 6.2, 'production'),
(93, 'Able', 'unités', 35.2, 11.6, 60.8, 17.1, 0.8, 'mission'),
(94, 'Write', 'g', 384.5, 8.9, 76.3, 23.1, 4.1, 'exactly'),
(95, 'Democrat', 'ml', 449.3, 11.4, 77.8, 30.2, 7, 'few'),
(96, 'Evidence', 'ml', 306.2, 20.2, 70, 37, 7.2, 'best'),
(97, 'Happy', 'ml', 276.4, 8.5, 49.9, 15, 0.6, 'rise'),
(98, 'Middle', 'g', 444.5, 11, 53.9, 36.4, 13.4, 'hand'),
(99, 'Rich', 'g', 187.8, 5.6, 41.1, 9.6, 8.7, 'specific'),
(100, 'Home', 'g', 138.6, 7.2, 50.7, 38.6, 7.7, 'cell'),
(101, 'Pick', 'g', 247.5, 1.6, 97.8, 9.8, 13.3, 'others'),
(102, 'Create', 'g', 422.6, 16.6, 82.2, 28.4, 0.8, 'town'),
(103, 'Organization', 'ml', 446.8, 21.7, 84.9, 14.2, 5.9, 'above'),
(104, 'Relate', 'unités', 210.3, 6.9, 73.4, 37.4, 0.4, 'series'),
(105, 'Article', 'g', 270.5, 13.3, 94.4, 17.5, 11, 'base'),
(106, 'Customer', 'unités', 194.8, 22.4, 1.7, 11.7, 0.8, 'beyond'),
(107, 'Mean', 'ml', 84.1, 7.3, 10.8, 16.1, 1.4, 'as'),
(108, 'Behind', 'g', 485.9, 7.7, 59.8, 23.5, 4.5, 'want'),
(109, 'Lead', 'g', 489.5, 13.7, 20.2, 12.4, 1.2, 'behavior'),
(110, 'Character', 'g', 274.7, 10.5, 83.1, 28.3, 6.9, 'music'),
(111, 'Represent', 'g', 385.4, 5.7, 41.8, 0.1, 3, 'you'),
(112, 'Institution', 'unités', 190.4, 26.7, 40.7, 6.8, 9.2, 'school'),
(113, 'Bill', 'g', 243.2, 20.9, 89.5, 33, 8.8, 'without'),
(114, 'Glass', 'g', 99.4, 9.6, 35.8, 3.6, 10.2, 'sort'),
(115, 'Sure', 'unités', 368, 19.5, 17.8, 2.5, 1.1, 'between'),
(116, 'Compare', 'g', 301.5, 28.1, 96, 19.3, 11.8, 'conference'),
(117, 'Role', 'ml', 321.9, 29.9, 39.9, 39.5, 14.3, 'evening'),
(118, 'You', 'g', 148, 2.4, 55.2, 36.1, 13.1, 'set'),
(119, 'Choice', 'g', 438, 4.3, 52.8, 17.8, 13.9, 'technology'),
(120, 'Growth', 'unités', 303.8, 7.3, 5.8, 31.7, 10.3, 'man'),
(121, 'Try', 'unités', 224.6, 6.9, 95.9, 38.3, 14.7, 'market'),
(122, 'Forget', 'g', 418.4, 28.5, 91.2, 0.7, 0.9, 'measure'),
(123, 'Today', 'g', 270.3, 13.5, 70.6, 3.4, 4.4, 'than'),
(124, 'View', 'unités', 324.7, 14.9, 97.2, 2.3, 11.1, 'since'),
(125, 'Drug', 'ml', 61.9, 18.8, 84.5, 26.8, 12.8, 'anything'),
(126, 'Expect', 'ml', 358.8, 15.5, 47.5, 38.7, 0, 'require'),
(127, 'Western', 'unités', 179.2, 3.2, 55.5, 3.8, 11.7, 'one'),
(128, 'Pay', 'g', 293, 0.6, 67.5, 11.3, 3.1, 'wonder'),
(129, 'Support', 'unités', 313.1, 1.6, 5.1, 19.6, 3, 'hope'),
(130, 'Use', 'g', 363.5, 3, 74, 29, 0.4, 'morning'),
(131, 'Traditional', 'g', 471.1, 17.6, 51.8, 19.5, 3.6, 'total'),
(132, 'Professional', 'ml', 468.5, 11.1, 23.3, 14.9, 11.1, 'job'),
(133, 'Can', 'unités', 190.3, 24.8, 49.2, 8, 8.3, 'similar'),
(134, 'Dream', 'g', 134.1, 23.9, 5, 32.7, 6.6, 'government'),
(135, 'Member', 'g', 309.4, 27.1, 16.4, 21.3, 2.1, 'various'),
(136, 'Happen', 'ml', 192.3, 20, 40.7, 26.8, 2.3, 'physical'),
(137, 'Room', 'unités', 220.4, 4.5, 82.4, 38.7, 12, 'company'),
(138, 'Stay', 'g', 381.6, 1.3, 78.1, 31.8, 0.2, 'medical'),
(139, 'Without', 'g', 309.4, 15.8, 24.2, 34.5, 3.8, 'federal'),
(140, 'Sing', 'ml', 378.9, 6.7, 24.2, 39, 6.2, 'stage'),
(141, 'Conference', 'unités', 397, 17.5, 14.2, 10.2, 14.7, 'benefit'),
(142, 'Agency', 'unités', 48.8, 22.7, 73.4, 3, 14.6, 'free'),
(143, 'Cold', 'ml', 499.2, 13.4, 88.9, 18.2, 12.2, 'true'),
(144, 'We', 'unités', 112.9, 17.2, 78.5, 26.6, 8.1, 'beautiful'),
(145, 'My', 'g', 154.5, 12.8, 64, 7.2, 2.3, 'final'),
(146, 'Then', 'g', 379.1, 10.5, 81.5, 13.8, 9.2, 'than'),
(147, 'Computer', 'unités', 167.6, 12.3, 91.5, 23, 14, 'anyone'),
(148, 'Because', 'ml', 153.1, 8.5, 47.7, 33.3, 9.9, 'will'),
(149, 'Check', 'ml', 220.3, 29.5, 56.2, 5.8, 12.2, 'often'),
(150, 'Let', 'unités', 290.7, 27.3, 63.9, 37.3, 7.4, 'stand'),
(151, 'Sea', 'unités', 386.6, 26.6, 98.2, 28.3, 14.7, 'summer'),
(152, 'Minute', 'unités', 179.9, 11.9, 70.7, 5.6, 1.7, 'property'),
(153, 'Remember', 'unités', 408.2, 27.6, 10.8, 18.9, 5.3, 'hotel'),
(154, 'Brother', 'unités', 110, 24.3, 97.9, 35.6, 2.4, 'what'),
(155, 'Who', 'unités', 286.3, 25.5, 22.8, 24.8, 14.1, 'continue'),
(156, 'Discussion', 'g', 110.1, 9.3, 0.6, 16, 9.9, 'improve'),
(157, 'Anyone', 'unités', 156, 25.7, 51.1, 8.7, 5.1, 'be'),
(158, 'Minute', 'unités', 205.5, 22.7, 94.9, 27.6, 10.3, 'nearly'),
(159, 'Open', 'g', 239.9, 20.9, 56.3, 31.6, 6.5, 'focus'),
(160, 'Letter', 'unités', 188.3, 20.5, 88.9, 33, 12.9, 'authority'),
(161, 'Look', 'unités', 286.3, 8, 82.7, 12.1, 4.9, 'candidate'),
(162, 'Edge', 'g', 186.3, 26.8, 38.1, 30.9, 9.9, 'former'),
(163, 'Six', 'unités', 272.9, 11.9, 46.1, 35.5, 4.6, 'with'),
(164, 'Never', 'unités', 167.6, 11.8, 66.2, 10.3, 13.3, 'ten'),
(165, 'Four', 'unités', 107, 15.4, 11.8, 34.6, 10.5, 'hand'),
(166, 'Whatever', 'unités', 213.7, 24.9, 20.1, 15, 11.6, 'high'),
(167, 'Than', 'g', 93.5, 10.2, 4.7, 24.3, 5.3, 'use'),
(168, 'Surface', 'g', 414.2, 27.2, 8.6, 23.2, 10.6, 'degree'),
(169, 'Provide', 'ml', 435.7, 18.6, 36.8, 0.7, 5, 'local'),
(170, 'House', 'ml', 428.1, 24.3, 25.4, 2.3, 9.8, 'certain'),
(171, 'Back', 'ml', 358, 12.4, 66.7, 15.3, 12.8, 'value'),
(172, 'Political', 'ml', 393.3, 14.5, 40.9, 14.3, 12.2, 'somebody'),
(173, 'Help', 'unités', 44.1, 25.7, 58.3, 3.3, 5, 'white'),
(174, 'Democratic', 'unités', 439.4, 3.4, 72, 32.9, 4.8, 'employee'),
(175, 'Voice', 'unités', 263.1, 23.3, 75.7, 6.9, 4.1, 'class'),
(176, 'Modern', 'ml', 32.2, 23, 15.5, 30.9, 11.5, 'politics'),
(177, 'Writer', 'ml', 106.9, 22.9, 18.2, 31.5, 10.1, 'hold'),
(178, 'My', 'unités', 204.4, 16.1, 78.1, 18.3, 4.8, 'alone'),
(179, 'Rock', 'ml', 54.2, 23.3, 85.1, 10.3, 9.4, 'around'),
(180, 'Race', 'unités', 279.7, 15.3, 49.8, 4.9, 8, 'else'),
(181, 'Item', 'unités', 117.8, 5.7, 5.5, 3.6, 2.4, 'church'),
(182, 'Develop', 'g', 446.1, 14.3, 69.6, 16.2, 11, 'drop'),
(183, 'Should', 'g', 450.5, 10.2, 88.6, 28.4, 12.1, 'next'),
(184, 'West', 'ml', 102.6, 29.1, 71.9, 13.3, 11.8, 'test'),
(185, 'Think', 'g', 455.2, 0.7, 37.9, 32.8, 13.6, 'great'),
(186, 'Listen', 'unités', 417.1, 15, 37.1, 12.4, 4.9, 'every'),
(187, 'Star', 'unités', 84.3, 16.5, 65, 13.9, 3, 'civil'),
(188, 'Party', 'ml', 48.6, 0.8, 79.6, 26.4, 5.5, 'smile'),
(189, 'Certain', 'ml', 111.8, 20.4, 81.3, 27.2, 5.7, 'board'),
(190, 'Major', 'unités', 146.3, 7.4, 32.3, 22.1, 13.8, 'require'),
(191, 'Management', 'unités', 317.6, 27.2, 41.7, 32.4, 13.9, 'young'),
(192, 'Sense', 'ml', 375.8, 11.6, 90.4, 9.4, 7.4, 'board'),
(193, 'Push', 'unités', 202.4, 1.7, 72.8, 16.2, 10.8, 'many'),
(194, 'Ball', 'ml', 439.6, 0.6, 60.6, 37.9, 14.1, 'home'),
(195, 'Above', 'g', 434.8, 25.9, 71.3, 0.4, 2.3, 'which'),
(196, 'Family', 'ml', 493.2, 13.5, 87.1, 34.2, 13.5, 'prove'),
(197, 'Deal', 'unités', 472.5, 24, 17.5, 38.5, 12.1, 'buy'),
(198, 'Minute', 'ml', 427.9, 23.9, 98.9, 33.3, 7.9, 'wind'),
(199, 'Treatment', 'g', 177.8, 22.5, 16, 6.2, 4.3, 'field'),
(200, 'Chair', 'ml', 211.3, 27.5, 75.4, 38.3, 9.4, 'far'),
(201, 'Describe', 'unités', 151.1, 17.8, 67, 30.1, 12.1, 'small'),
(202, 'Stock', 'unités', 408.8, 27.1, 99, 2.3, 4, 'resource'),
(203, 'Western', 'ml', 297.2, 28.9, 91.7, 21.3, 11.2, 'big'),
(204, 'Another', 'ml', 386.3, 9.6, 61.5, 6.2, 5, 'sea'),
(205, 'Minute', 'g', 33.4, 26.8, 45.4, 5.3, 14.9, 'Congress'),
(206, 'Catch', 'unités', 499.3, 26.2, 38, 35.9, 12.3, 'her'),
(207, 'Return', 'g', 217.1, 22.5, 4.4, 35.9, 8.5, 'course'),
(208, 'Arm', 'unités', 433.1, 11.7, 47.3, 21.1, 13.4, 'price'),
(209, 'Up', 'ml', 164.1, 11.8, 57.5, 33, 5.8, 'election'),
(210, 'New', 'g', 56.5, 8.9, 37.2, 27.9, 12.7, 'them'),
(211, 'Campaign', 'ml', 278.2, 29.8, 9.1, 11, 13.3, 'each'),
(212, 'Material', 'ml', 189.7, 9.2, 30.3, 11.9, 11.7, 'fear'),
(213, 'Story', 'ml', 285.4, 2, 22.7, 24.7, 9, 'tax'),
(214, 'Imagine', 'unités', 387.2, 27.7, 98.6, 15.4, 4.3, 'crime'),
(215, 'Religious', 'ml', 235.2, 5.4, 52.6, 15.2, 9.7, 'civil'),
(216, 'Language', 'unités', 93, 16.5, 85.7, 23.4, 7, 'certain'),
(217, 'Room', 'unités', 448.5, 21.2, 22.8, 36.1, 11.7, 'responsibility'),
(218, 'Yet', 'ml', 102.8, 12.3, 61.5, 2.4, 6.2, 'heavy'),
(219, 'Together', 'ml', 221.5, 19.7, 34.2, 30, 12.2, 'never'),
(220, 'Man', 'ml', 291.3, 20.5, 88.8, 17.1, 1.1, 'discussion'),
(221, 'Top', 'ml', 234.8, 15.9, 67.2, 17.5, 11.2, 'responsibility'),
(222, 'That', 'unités', 477.4, 23.2, 10.1, 18.5, 4.9, 'ahead'),
(223, 'Discuss', 'ml', 261.5, 22.2, 72.4, 9.6, 2.3, 'community'),
(224, 'Same', 'g', 264.2, 22.8, 76.7, 1.5, 14.7, 'interest'),
(225, 'State', 'g', 223.9, 1.5, 98.6, 22.4, 12.9, 'hundred'),
(226, 'Point', 'unités', 69.7, 9.1, 3.2, 10.9, 1.3, 'employee'),
(227, 'Wish', 'g', 442.5, 0.5, 33.4, 23.4, 9.1, 'help'),
(228, 'Left', 'ml', 255.5, 7.6, 25.4, 3.8, 8.2, 'plan'),
(229, 'Reflect', 'g', 157, 29.1, 27.9, 27.2, 1.7, 'economy'),
(230, 'Quite', 'unités', 393.1, 1.3, 86.1, 7.6, 3, 'easy'),
(231, 'Baby', 'ml', 393.1, 0.5, 41.7, 21.4, 1.2, 'bring'),
(232, 'Part', 'unités', 487.8, 9.2, 57.9, 38.2, 5.1, 'weight'),
(233, 'Realize', 'g', 151.7, 23.5, 87.6, 26, 0.3, 'military'),
(234, 'Along', 'g', 146.9, 24, 26.2, 20.6, 1.4, 'fill'),
(235, 'Knowledge', 'unités', 206.3, 2.4, 80.9, 37.6, 13.1, 'hot'),
(236, 'Hour', 'unités', 255.5, 28.7, 50.4, 38.7, 10.6, 'travel'),
(237, 'Boy', 'unités', 335.1, 24, 54, 5.5, 4.7, 'commercial'),
(238, 'Century', 'ml', 493.6, 13.9, 22.7, 21.6, 7.9, 'along'),
(239, 'Record', 'ml', 127.4, 19.7, 11.3, 2.5, 6.5, 'senior'),
(240, 'Something', 'unités', 283.5, 13.7, 37.1, 31.1, 14, 'push'),
(241, 'Unit', 'ml', 330.8, 26.5, 13.3, 8.7, 10.7, 'condition'),
(242, 'Middle', 'unités', 115.7, 9.5, 40.5, 38.5, 8.5, 'our'),
(243, 'Suddenly', 'g', 265.1, 12.9, 32.8, 33.4, 12.6, 'remember'),
(244, 'Address', 'ml', 430.6, 26.7, 66.9, 9.6, 8.4, 'spring'),
(245, 'Laugh', 'ml', 415.4, 9.2, 30.3, 5.1, 10.9, 'fall'),
(246, 'Word', 'g', 187, 7.8, 5.1, 14.3, 0.4, 'girl'),
(247, 'Present', 'unités', 328.6, 11.7, 50.7, 28.3, 11.5, 'standard'),
(248, 'Guy', 'ml', 111.9, 4.6, 53.3, 5.1, 14.9, 'deal'),
(249, 'Forward', 'g', 441.1, 0.3, 80.1, 21.3, 12.3, 'vote'),
(250, 'Cover', 'unités', 346, 28.4, 13.8, 6.4, 1.9, 'room'),
(251, 'Poor', 'ml', 150.4, 22.9, 27.6, 16.3, 1.7, 'energy'),
(252, 'Wall', 'g', 446.7, 10.8, 65.9, 22.9, 14.1, 'send'),
(253, 'Beyond', 'g', 404.6, 10.5, 64.2, 11.1, 14, 'impact'),
(254, 'Four', 'unités', 82.7, 3.2, 40.6, 18.2, 8.4, 'less'),
(255, 'General', 'unités', 295.8, 23, 50.8, 7.8, 7.9, 'discuss'),
(256, 'Every', 'g', 282.9, 0.7, 65.3, 6.9, 0.5, 'adult'),
(257, 'Fall', 'ml', 353.9, 13, 33.3, 28, 10.1, 'sell'),
(258, 'Local', 'unités', 70.9, 5.2, 68.7, 28.8, 9, 'country'),
(259, 'Anyone', 'unités', 450.5, 3.4, 24.5, 5.9, 5.5, 'less'),
(260, 'Huge', 'ml', 479.3, 0.7, 49.3, 30.6, 14.2, 'head'),
(261, 'Cell', 'unités', 52.6, 27.9, 1.4, 7.6, 4.9, 'else'),
(262, 'In', 'ml', 422.7, 26.6, 22.3, 39.9, 5.9, 'even'),
(263, 'Event', 'g', 114.2, 18.3, 58.1, 39.3, 4.3, 'fish'),
(264, 'College', 'unités', 60.1, 21.8, 35.3, 19.1, 3.6, 'feel'),
(265, 'Number', 'unités', 68.3, 16.7, 12.4, 3.7, 10.1, 'baby'),
(266, 'Commercial', 'ml', 281.4, 11.5, 63.2, 37, 2.8, 'decision'),
(267, 'During', 'ml', 82.6, 15.3, 67.6, 37.6, 2.7, 'claim'),
(268, 'Natural', 'g', 480.5, 22.4, 67.5, 13.6, 0.8, 'set'),
(269, 'Result', 'ml', 327.5, 9.2, 29, 28.4, 4.8, 'than'),
(270, 'Enjoy', 'g', 161.4, 26.7, 99.6, 2.1, 10.8, 'sense'),
(271, 'After', 'ml', 363.8, 0.5, 3.9, 10.2, 2.9, 'capital'),
(272, 'Race', 'g', 47.3, 4.6, 9.5, 5.1, 2.6, 'than'),
(273, 'Country', 'unités', 373.7, 20.9, 44.2, 8.7, 10.8, 'Mr'),
(274, 'Important', 'g', 214.2, 26, 57.8, 24.7, 6, 'cell'),
(275, 'Culture', 'unités', 490.3, 14.4, 99.2, 9.6, 6.2, 'age'),
(276, 'Amount', 'g', 499.6, 11.5, 99.6, 0.1, 12.5, 'and'),
(277, 'Focus', 'unités', 130.7, 26.2, 5.5, 38, 11.5, 'create'),
(278, 'Economic', 'ml', 211.7, 26.7, 17.6, 22.2, 11.2, 'development'),
(279, 'Learn', 'unités', 295.6, 8.4, 1.2, 20.8, 11.4, 'quite'),
(280, 'Provide', 'g', 128.5, 27, 91.1, 36.4, 7.7, 'mind'),
(281, 'Top', 'ml', 142.8, 0.3, 47.5, 14.7, 6.4, 'process'),
(282, 'Top', 'unités', 484.6, 23.2, 99.2, 21.8, 14.3, 'tough'),
(283, 'Ever', 'g', 20.6, 11, 43.2, 7.5, 13.9, 'community'),
(284, 'Very', 'g', 391.1, 27.2, 90.8, 7.2, 0.6, 'computer'),
(285, 'Course', 'ml', 474.6, 6.9, 79, 29.9, 13.2, 'if'),
(286, 'Well', 'unités', 371.3, 11.2, 2.3, 22.5, 1.2, 'phone'),
(287, 'Southern', 'unités', 172, 8.8, 9.4, 6.8, 0.5, 'few'),
(288, 'Prove', 'unités', 469.3, 4.6, 97.2, 37.4, 13.6, 'TV'),
(289, 'Matter', 'g', 132.2, 7.9, 75.2, 9.1, 1.3, 'practice'),
(290, 'On', 'g', 478.8, 17.1, 89.6, 29.5, 3.4, 'report'),
(291, 'Interesting', 'g', 48.4, 15.7, 93, 24.3, 9.4, 'indicate'),
(292, 'On', 'unités', 346.2, 11.8, 2.4, 10.8, 9.6, 'after'),
(293, 'Director', 'g', 443.5, 18.6, 17.9, 0.4, 10.5, 'instead'),
(294, 'Next', 'unités', 437.2, 5.5, 78.8, 7.6, 5.8, 'else'),
(295, 'Task', 'unités', 22.1, 13.8, 17.9, 38.2, 5, 'around'),
(296, 'Rich', 'unités', 352.5, 16.4, 22.2, 31.1, 11.1, 'eight'),
(297, 'Experience', 'unités', 478.1, 12.3, 68.8, 29.6, 0, 'administration'),
(298, 'Less', 'unités', 211.8, 0.6, 73.6, 40, 12.9, 'nation'),
(299, 'News', 'ml', 197.1, 29.2, 5.7, 31.4, 6.1, 'science'),
(300, 'Prove', 'g', 381.2, 21.5, 10.3, 12.7, 8.5, 'mind'),
(301, 'Claim', 'unités', 431.2, 5.6, 95, 39.2, 11, 'white'),
(302, 'Stuff', 'unités', 169, 13.3, 33.4, 33.7, 7.5, 'system'),
(303, 'Year', 'unités', 51.8, 28.8, 20.4, 17.6, 12.5, 'citizen'),
(304, 'Life', 'unités', 192.1, 26.4, 3.3, 3.5, 5.4, 'write'),
(305, 'Already', 'unités', 469.2, 19.5, 13.8, 19.7, 0.8, 'American'),
(306, 'Near', 'ml', 460.4, 5.1, 8.3, 2, 6.4, 'trip'),
(307, 'Environment', 'unités', 224, 3.1, 30.3, 33.1, 4.5, 'partner'),
(308, 'Discover', 'unités', 370.8, 20.6, 2.1, 28.8, 10.4, 'employee'),
(309, 'Rule', 'g', 451, 24.4, 38.5, 7.9, 12.8, 'north'),
(310, 'Land', 'g', 122.8, 13.1, 7.2, 31.5, 2.3, 'miss'),
(311, 'Already', 'g', 385.6, 8.8, 86.6, 21.8, 3.3, 'strong'),
(312, 'Wife', 'unités', 257.4, 1.4, 55.5, 1.3, 11.9, 'detail'),
(313, 'Safe', 'g', 86.6, 27.6, 53.1, 12.5, 0.9, 'my'),
(314, 'Born', 'ml', 186.3, 26.6, 86.1, 32.7, 3.7, 'company'),
(315, 'Eat', 'unités', 491.4, 10.6, 42.2, 23.5, 11.3, 'notice'),
(316, 'Join', 'g', 61.2, 18.1, 75.1, 16.1, 1, 'key'),
(317, 'Community', 'unités', 498.3, 3.1, 17.9, 35.7, 1.1, 'firm'),
(318, 'Including', 'g', 458.7, 6.3, 44, 2.5, 5.3, 'my'),
(319, 'Machine', 'ml', 388.3, 24.4, 79.5, 21.6, 14.9, 'between'),
(320, 'Enter', 'g', 29.1, 16.9, 39.1, 17.5, 3, 'produce'),
(321, 'Serious', 'g', 128.6, 13.1, 29.9, 5.8, 9.5, 'single'),
(322, 'Dog', 'ml', 267.8, 16.4, 96.5, 22.8, 11.6, 'character'),
(323, 'Another', 'unités', 123.2, 29.3, 45.3, 34.2, 2.1, 'people'),
(324, 'Push', 'g', 306.3, 13.2, 25.1, 17.6, 13.6, 'ok'),
(325, 'Sort', 'unités', 253.7, 25.6, 72, 31.8, 2.2, 'main'),
(326, 'Us', 'unités', 488.2, 28.1, 45.2, 15.6, 1, 'second'),
(327, 'Commercial', 'g', 336.4, 1.9, 9.4, 15, 1.8, 'life'),
(328, 'Minute', 'unités', 448.6, 6, 11.8, 27.4, 6.1, 'even'),
(329, 'Million', 'ml', 200.8, 11.1, 95.6, 30.7, 11.1, 'music'),
(330, 'Share', 'g', 325.4, 29.7, 36.7, 36.1, 4.5, 'goal'),
(331, 'Thought', 'ml', 214.4, 25.8, 62.1, 25.1, 8.3, 'represent'),
(332, 'Authority', 'unités', 488, 11, 36.7, 28.4, 0.8, 'kind'),
(333, 'Community', 'unités', 268, 24, 63.2, 15.4, 8.3, 'travel'),
(334, 'Down', 'ml', 65.9, 29.4, 75.9, 12.7, 2.8, 'another'),
(335, 'Whatever', 'unités', 119.9, 14.8, 74.6, 7.1, 5.6, 'may'),
(336, 'Win', 'unités', 369.6, 24.2, 39.8, 5.7, 12.7, 'agree'),
(337, 'Dark', 'g', 418.6, 20.3, 31.4, 35.4, 12.8, 'cultural'),
(338, 'Inside', 'g', 498.4, 5.8, 47.6, 4.8, 3.7, 'stock'),
(339, 'Ground', 'ml', 265.9, 23.8, 62.8, 23, 12.1, 'will'),
(340, 'Chair', 'ml', 48.5, 19.7, 1.4, 21.7, 12.5, 'year'),
(341, 'Red', 'ml', 381.3, 15.2, 71.9, 32.5, 6.7, 'tend'),
(342, 'Box', 'g', 174.8, 29.4, 73.8, 23.2, 12.3, 'that'),
(343, 'Present', 'ml', 45, 17.9, 96.1, 28, 3.9, 'money'),
(344, 'Care', 'g', 78.7, 1.6, 40.5, 19.3, 13.4, 'full'),
(345, 'Smile', 'g', 348.9, 24.4, 87.4, 38.4, 6, 'human'),
(346, 'Piece', 'ml', 265.8, 18, 36.9, 24.3, 11.5, 'ability'),
(347, 'Nation', 'ml', 459.9, 10.2, 42.3, 4.3, 7, 'popular'),
(348, 'National', 'unités', 24.8, 10.6, 91.3, 13.5, 10, 'anything'),
(349, 'Want', 'g', 479.6, 17, 71.8, 23.9, 11.5, 'break'),
(350, 'Different', 'ml', 358.5, 23, 60.7, 1.7, 2.7, 'usually'),
(351, 'Near', 'ml', 75.5, 27.2, 62.6, 36.8, 3.4, 'wind'),
(352, 'Him', 'unités', 438.1, 13.9, 15.2, 26, 10.8, 'why'),
(353, 'Floor', 'g', 206.6, 27.4, 36.3, 30.7, 0.8, 'trade'),
(354, 'Staff', 'g', 193.5, 4, 91.6, 38.7, 7.9, 'later'),
(355, 'Political', 'ml', 413.2, 10.9, 32.7, 22.8, 5.2, 'everything'),
(356, 'Help', 'g', 285.1, 16.2, 57.5, 8.8, 14.7, 'activity'),
(357, 'Prevent', 'g', 256.5, 27.1, 23.1, 31.1, 3.3, 'car'),
(358, 'Feeling', 'ml', 261.1, 11.5, 88.5, 36.9, 6.1, 'price'),
(359, 'Gas', 'unités', 388.3, 7.2, 12.1, 9.6, 10.6, 'level'),
(360, 'Father', 'unités', 117.6, 3.1, 20.6, 17.8, 11.9, 'security'),
(361, 'Billion', 'unités', 105.4, 16.9, 31.6, 19.8, 2.3, 'end'),
(362, 'Street', 'g', 417.9, 23.5, 22, 25.3, 11.6, 'know'),
(363, 'Anyone', 'ml', 106.4, 6.2, 7.6, 24.7, 14.5, 'news'),
(364, 'Civil', 'ml', 200.8, 27.8, 57.6, 12.6, 3.9, 'toward'),
(365, 'Box', 'ml', 201, 16.4, 23.9, 18.4, 6.9, 'mention'),
(366, 'Maintain', 'ml', 406.8, 20.4, 27.4, 17, 2.9, 'every'),
(367, 'College', 'g', 236.4, 26.3, 37.2, 23.2, 4.2, 'he'),
(368, 'Degree', 'ml', 200.2, 10.3, 65.5, 38.5, 11.9, 'consumer'),
(369, 'Perform', 'g', 68.8, 12.6, 81.7, 8.4, 5.9, 'cost'),
(370, 'Wide', 'ml', 342.7, 10.9, 17.6, 36.9, 4.7, 'statement'),
(371, 'Imagine', 'g', 287.2, 18.2, 8.7, 19.1, 11.4, 'short'),
(372, 'Science', 'g', 186.9, 10.1, 28.7, 18.2, 6.9, 'write'),
(373, 'Stage', 'unités', 280.1, 22.6, 89.7, 35.8, 3.1, 'war'),
(374, 'Apply', 'ml', 426.8, 12.8, 5.4, 28.4, 5.8, 'rule'),
(375, 'Worry', 'g', 120.7, 1.7, 13.9, 23.9, 14.5, 'among'),
(376, 'Goal', 'g', 355.4, 20.3, 59.4, 2.4, 12.6, 'room'),
(377, 'Business', 'unités', 451.6, 7, 97.7, 23.5, 7.1, 'glass'),
(378, 'Peace', 'ml', 409.2, 28.4, 25.3, 23.6, 1.3, 'yet'),
(379, 'Morning', 'g', 440.9, 24.5, 66.6, 35.4, 7.9, 'pressure'),
(380, 'Some', 'ml', 449.1, 12.5, 90, 27.6, 9.5, 'fish'),
(381, 'Throw', 'ml', 182.9, 16.2, 32.5, 23.4, 14.6, 'account'),
(382, 'Him', 'g', 335.8, 29.5, 81.6, 31, 6.8, 'use'),
(383, 'Only', 'g', 60.7, 9.1, 64.2, 9.1, 14.1, 'pressure'),
(384, 'Interest', 'unités', 474.2, 8.9, 71.1, 4.1, 9.7, 'professional'),
(385, 'Military', 'g', 166.4, 19.4, 26.5, 27.6, 9.4, 'available'),
(386, 'Professor', 'ml', 365.6, 25.9, 13.5, 15.2, 9.1, 'north'),
(387, 'Doctor', 'ml', 32.6, 17.7, 69, 3.2, 4.5, 'land'),
(388, 'Size', 'unités', 373.2, 28, 67.9, 20.6, 4, 'rock'),
(389, 'Happen', 'g', 164.4, 14.3, 41.5, 10.2, 6.3, 'seat'),
(390, 'Foot', 'unités', 21.7, 27.3, 81.2, 21.7, 3.2, 'authority'),
(391, 'Seem', 'ml', 329.8, 13.4, 72.4, 0.2, 7.4, 'arrive'),
(392, 'Study', 'ml', 257.4, 27.5, 5.4, 27.3, 7.1, 'detail'),
(393, 'Fill', 'g', 208.4, 5.4, 1.7, 10, 3.1, 'letter'),
(394, 'Quite', 'unités', 409.1, 21.4, 83.1, 19.5, 6.5, 'born'),
(395, 'Teacher', 'unités', 216.7, 2.6, 83.5, 7.2, 5.8, 'along'),
(396, 'So', 'g', 481, 3.5, 52.1, 38.1, 6.3, 'pull'),
(397, 'Improve', 'ml', 455.9, 14.3, 1.5, 24.4, 6.4, 'despite'),
(398, 'Rock', 'unités', 51.6, 17.8, 29.2, 12.7, 3.4, 'itself'),
(399, 'Strong', 'ml', 130.5, 28, 89.3, 12.5, 14.5, 'fact'),
(400, 'May', 'ml', 288.7, 15, 36.8, 20, 8.9, 'guess'),
(401, 'Customer', 'unités', 430, 8.9, 14.1, 38.1, 11.3, 'mother'),
(402, 'Have', 'unités', 371.7, 21.4, 11.6, 23.6, 3, 'run'),
(403, 'Be', 'unités', 290, 5.7, 76.3, 4.2, 0.6, 'forget'),
(404, 'Parent', 'g', 96.3, 3.3, 51.4, 21.8, 0.1, 'price'),
(405, 'Artist', 'unités', 23.3, 19, 83, 3.9, 10.4, 'assume'),
(406, 'Improve', 'unités', 116.3, 9.5, 89.3, 39.2, 12.2, 'production'),
(407, 'Seek', 'unités', 388.5, 16.8, 97.2, 21.9, 9.2, 'play'),
(408, 'Late', 'unités', 109.9, 2.1, 74.1, 30, 5.8, 'road'),
(409, 'Campaign', 'ml', 153.8, 13.2, 33.5, 1.3, 13.1, 'hit'),
(410, 'Education', 'ml', 286.5, 17.6, 71.9, 3.4, 0.5, 'beautiful'),
(411, 'Suggest', 'unités', 37.8, 10, 81.3, 36.3, 0.6, 'spend'),
(412, 'Yes', 'unités', 412.5, 13.3, 55.2, 24, 9.5, 'year'),
(413, 'Practice', 'ml', 282.2, 5.6, 4.4, 6.9, 11.1, 'difference'),
(414, 'Seem', 'ml', 475, 24.7, 55.1, 10.1, 4.9, 'reflect'),
(415, 'Certainly', 'ml', 305, 9.6, 62.5, 23.7, 8.9, 'more'),
(416, 'Owner', 'g', 427.3, 10.7, 23.9, 8.8, 7.4, 'set'),
(417, 'Interesting', 'g', 48.8, 10.2, 89.1, 32.7, 11.8, 'consider'),
(418, 'Reduce', 'g', 114.3, 14.9, 46.9, 36.2, 10.1, 'create'),
(419, 'Bit', 'unités', 108.4, 14.7, 89.4, 15.4, 9.6, 'gun'),
(420, 'Become', 'ml', 330.7, 10.8, 88.7, 21.8, 4, 'probably');

-- --------------------------------------------------------

--
-- Table structure for table `liste_courses`
--

CREATE TABLE `liste_courses` (
  `id_liste` int(11) NOT NULL,
  `id_utilisateur` int(11) DEFAULT NULL,
  `date_creation` datetime DEFAULT current_timestamp(),
  `statut` varchar(50) DEFAULT NULL
) ENGINE=InnoDB DEFAULT CHARSET=utf8mb4 COLLATE=utf8mb4_general_ci;

--
-- Dumping data for table `liste_courses`
--

INSERT INTO `liste_courses` (`id_liste`, `id_utilisateur`, `date_creation`, `statut`) VALUES
(1, 398, '2025-03-01 11:19:20', 'complétée'),
(2, 344, '2025-02-02 12:59:57', 'active'),
(3, 330, '2025-02-23 21:32:22', 'active'),
(4, 171, '2025-01-24 23:45:12', 'active'),
(5, 42, '2025-02-15 02:14:36', 'complétée'),
(6, 343, '2025-02-18 13:16:08', 'active'),
(7, 377, '2025-02-13 06:02:31', 'complétée'),
(8, 360, '2025-03-25 02:50:28', 'active'),
(9, 259, '2025-04-11 18:02:07', 'active'),
(10, 209, '2025-03-28 01:00:02', 'active'),
(11, 55, '2025-02-16 17:38:38', 'complétée'),
(12, 308, '2025-03-21 18:33:11', 'active'),
(13, 270, '2025-03-27 07:22:16', 'active'),
(14, 31, '2025-02-10 07:55:20', 'active'),
(15, 234, '2025-02-10 19:01:37', 'active'),
(16, 258, '2025-02-18 15:05:52', 'complétée'),
(17, 209, '2025-03-01 10:25:30', 'active'),
(18, 111, '2025-04-06 23:07:29', 'complétée'),
(19, 218, '2025-01-22 19:17:05', 'complétée'),
(20, 344, '2025-01-14 17:21:45', 'complétée'),
(21, 269, '2025-02-09 07:41:02', 'complétée'),
(22, 45, '2025-02-21 08:07:41', 'complétée'),
(23, 261, '2025-03-31 07:51:00', 'active'),
(24, 98, '2025-04-08 03:32:09', 'complétée'),
(25, 297, '2025-04-14 10:38:11', 'complétée'),
(26, 99, '2025-01-03 15:53:38', 'complétée'),
(27, 344, '2025-04-12 23:19:49', 'complétée'),
(28, 313, '2025-01-10 23:04:42', 'complétée'),
(29, 259, '2025-04-12 02:03:39', 'active'),
(30, 382, '2025-04-11 16:39:52', 'complétée'),
(31, 33, '2025-01-24 09:45:50', 'active'),
(32, 285, '2025-04-04 11:32:06', 'complétée'),
(33, 41, '2025-01-14 21:57:25', 'active'),
(34, 195, '2025-03-07 18:43:11', 'active'),
(35, 104, '2025-01-03 16:51:26', 'complétée'),
(36, 349, '2025-03-21 12:13:17', 'active'),
(37, 184, '2025-04-05 19:04:38', 'complétée'),
(38, 207, '2025-01-12 00:31:21', 'active'),
(39, 193, '2025-02-25 00:30:32', 'active'),
(40, 96, '2025-01-06 09:16:26', 'active'),
(41, 93, '2025-03-15 19:00:32', 'complétée'),
(42, 52, '2025-02-10 18:45:29', 'complétée'),
(43, 30, '2025-01-03 16:56:04', 'active'),
(44, 389, '2025-04-15 06:27:44', 'active'),
(45, 72, '2025-04-06 22:40:53', 'complétée'),
(46, 135, '2025-01-01 23:45:48', 'complétée'),
(47, 346, '2025-04-01 20:36:01', 'active'),
(48, 236, '2025-04-04 02:51:11', 'active'),
(49, 98, '2025-02-18 15:15:36', 'active'),
(50, 61, '2025-02-01 16:08:57', 'active'),
(51, 311, '2025-03-24 23:55:26', 'active'),
(52, 221, '2025-02-28 18:12:29', 'active'),
(53, 121, '2025-01-08 22:21:52', 'complétée'),
(54, 398, '2025-04-01 06:57:10', 'complétée'),
(55, 267, '2025-04-07 04:09:37', 'active'),
(56, 184, '2025-04-05 03:59:09', 'complétée'),
(57, 195, '2025-01-18 16:05:09', 'complétée'),
(58, 391, '2025-03-21 20:26:46', 'active'),
(59, 62, '2025-03-22 03:52:00', 'complétée'),
(60, 327, '2025-04-01 04:40:43', 'complétée'),
(61, 202, '2025-04-14 01:41:07', 'complétée'),
(62, 182, '2025-01-05 05:44:48', 'active'),
(63, 87, '2025-03-06 12:01:34', 'complétée'),
(64, 339, '2025-03-19 01:47:18', 'active'),
(65, 8, '2025-01-13 16:21:18', 'active'),
(66, 250, '2025-02-05 04:24:56', 'active'),
(67, 221, '2025-03-03 14:23:32', 'complétée'),
(68, 397, '2025-03-07 03:00:26', 'complétée'),
(69, 372, '2025-03-23 15:51:15', 'complétée'),
(70, 336, '2025-02-10 06:02:29', 'complétée'),
(71, 311, '2025-02-05 18:18:14', 'active'),
(72, 193, '2025-03-22 15:56:47', 'complétée'),
(73, 59, '2025-01-08 04:11:21', 'active'),
(74, 348, '2025-02-21 21:17:31', 'active'),
(75, 173, '2025-02-13 20:05:12', 'complétée'),
(76, 357, '2025-02-05 10:46:07', 'active'),
(77, 118, '2025-02-22 12:16:38', 'active'),
(78, 326, '2025-02-11 22:41:39', 'active'),
(79, 259, '2025-04-01 01:39:26', 'active'),
(80, 156, '2025-02-06 08:51:51', 'active'),
(81, 366, '2025-01-14 11:21:58', 'active'),
(82, 380, '2025-04-13 20:26:11', 'active'),
(83, 118, '2025-03-13 16:14:23', 'complétée'),
(84, 354, '2025-01-20 10:02:55', 'complétée'),
(85, 214, '2025-02-21 04:41:30', 'active'),
(86, 120, '2025-02-24 15:14:22', 'complétée'),
(87, 33, '2025-04-03 08:00:52', 'active'),
(88, 305, '2025-01-10 18:06:09', 'active'),
(89, 106, '2025-03-13 13:29:28', 'active'),
(90, 280, '2025-02-12 18:08:22', 'active'),
(91, 44, '2025-04-06 06:32:51', 'active'),
(92, 57, '2025-02-22 06:31:23', 'complétée'),
(93, 258, '2025-04-17 01:47:52', 'active'),
(94, 235, '2025-03-01 22:38:23', 'active'),
(95, 30, '2025-03-20 05:50:40', 'complétée'),
(96, 44, '2025-02-17 06:25:18', 'complétée'),
(97, 268, '2025-04-05 02:52:27', 'complétée'),
(98, 216, '2025-01-29 21:11:11', 'complétée'),
(99, 357, '2025-04-01 03:26:36', 'active'),
(100, 282, '2025-02-28 06:52:23', 'active');

-- --------------------------------------------------------

--
-- Table structure for table `liste_courses_ingredients`
--

CREATE TABLE `liste_courses_ingredients` (
  `id_liste` int(11) NOT NULL,
  `id_ingredient` int(11) NOT NULL,
  `quantite` float DEFAULT NULL
) ENGINE=InnoDB DEFAULT CHARSET=utf8mb4 COLLATE=utf8mb4_general_ci;

--
-- Dumping data for table `liste_courses_ingredients`
--

INSERT INTO `liste_courses_ingredients` (`id_liste`, `id_ingredient`, `quantite`) VALUES
(1, 63, 52.1),
(1, 142, 105.1),
(1, 158, 24.1),
(1, 234, 295.3),
(1, 246, 154.2),
(2, 61, 155.5),
(2, 73, 189.3),
(2, 109, 247.6),
(2, 166, 243.1),
(2, 213, 142.1),
(3, 6, 90.7),
(3, 80, 262.8),
(3, 148, 138.6),
(3, 297, 264.6),
(3, 318, 207.9),
(3, 370, 155.9),
(3, 420, 225.8),
(4, 149, 267.5),
(4, 245, 283.2),
(4, 253, 28.7),
(4, 298, 96),
(4, 394, 119.7),
(5, 112, 36.5),
(5, 169, 193.1),
(5, 176, 101),
(5, 340, 79.7),
(5, 415, 15.8),
(6, 36, 210.6),
(6, 57, 296.7),
(6, 168, 83.9),
(6, 193, 153.4),
(6, 196, 48.4),
(6, 323, 50.6),
(6, 380, 71),
(7, 81, 218.1),
(7, 286, 144.4),
(7, 382, 199.1),
(8, 5, 193.2),
(8, 124, 15.7),
(8, 126, 121.8),
(8, 269, 27.2),
(9, 27, 78.3),
(9, 50, 150.4),
(9, 127, 275.4),
(9, 139, 204.3),
(9, 280, 184.9),
(9, 371, 193.3),
(10, 38, 114.7),
(10, 235, 286.6),
(10, 301, 54.1),
(11, 20, 50.9),
(11, 39, 19.2),
(11, 156, 149.2),
(11, 199, 200.2),
(11, 259, 287.4),
(11, 263, 254.9),
(12, 5, 55.8),
(12, 7, 68.8),
(12, 34, 20.9),
(12, 39, 64.9),
(12, 185, 60.2),
(13, 27, 234.7),
(13, 45, 245),
(13, 140, 46.1),
(13, 210, 266.8),
(14, 30, 107.7),
(14, 37, 136.5),
(14, 288, 91.6),
(14, 407, 13.7),
(15, 16, 243.1),
(15, 169, 141.3),
(15, 251, 122.4),
(15, 287, 289.3),
(15, 399, 153.9),
(16, 48, 212.5),
(16, 64, 233.8),
(16, 202, 214.2),
(16, 302, 22.2),
(16, 353, 11.4),
(17, 67, 231.7),
(17, 85, 220.1),
(17, 138, 202.1),
(17, 352, 248.6),
(17, 357, 243.2),
(17, 391, 94.1),
(18, 330, 28.8),
(18, 364, 94.1),
(18, 389, 44.9),
(19, 17, 208.4),
(19, 53, 123.2),
(19, 166, 25.3),
(19, 292, 259.1),
(20, 16, 202.3),
(20, 210, 45.3),
(20, 398, 291.7),
(21, 60, 208.4),
(21, 114, 51.6),
(21, 168, 121.9),
(21, 315, 224.7),
(21, 406, 153.3),
(22, 103, 207),
(22, 223, 177),
(22, 394, 287.1),
(23, 87, 136.7),
(23, 131, 55.2),
(23, 219, 264.2),
(23, 227, 285.5),
(23, 319, 219.6),
(23, 339, 280.2),
(23, 351, 228.1),
(24, 8, 46.6),
(24, 167, 34.3),
(24, 173, 274.9),
(24, 263, 255.1),
(24, 389, 122),
(24, 395, 123.5),
(25, 86, 289.5),
(25, 122, 78.7),
(25, 195, 93.6),
(25, 239, 83.6),
(26, 158, 155.3),
(26, 222, 193.9),
(26, 231, 279.7),
(26, 319, 10.9),
(26, 332, 272.9),
(27, 38, 268.9),
(27, 331, 292.8),
(27, 371, 100.5),
(27, 406, 234.2),
(28, 15, 155.7),
(28, 91, 81.2),
(28, 393, 215.3),
(28, 418, 226.6),
(29, 58, 244.2),
(29, 167, 62.4),
(29, 189, 32),
(29, 208, 121.4),
(29, 281, 22.9),
(29, 418, 36.1),
(30, 13, 250.4),
(30, 48, 88.3),
(30, 128, 41.5),
(30, 182, 275.6),
(30, 286, 89.6),
(30, 323, 25.7),
(31, 18, 170.4),
(31, 90, 32.4),
(31, 262, 52.2),
(32, 105, 34.5),
(32, 110, 178),
(32, 212, 118.4),
(32, 217, 275.1),
(32, 231, 127.5),
(33, 72, 70.7),
(33, 224, 108.5),
(33, 314, 219.7),
(33, 337, 264.3),
(33, 385, 284.7),
(33, 415, 269.1),
(34, 136, 188.9),
(34, 169, 204.4),
(34, 218, 142.1),
(34, 262, 254.1),
(34, 326, 182.4),
(34, 359, 246.8),
(35, 122, 254.4),
(35, 292, 104.9),
(35, 317, 75.6),
(35, 390, 238.9),
(36, 20, 225.6),
(36, 85, 190),
(36, 143, 244.8),
(36, 227, 26.5),
(36, 382, 268.5),
(36, 392, 198.1),
(37, 179, 158.6),
(37, 260, 166),
(37, 303, 48.2),
(38, 35, 81),
(38, 180, 220.7),
(38, 214, 41.9),
(38, 229, 273.7),
(38, 273, 84.6),
(38, 368, 105.6),
(38, 386, 220.1),
(39, 19, 66.6),
(39, 28, 62.2),
(39, 65, 273.6),
(39, 299, 87.3),
(40, 15, 53.4),
(40, 189, 33),
(40, 192, 202.4),
(40, 271, 101.9),
(40, 364, 85),
(41, 25, 32),
(41, 120, 50.1),
(41, 222, 217),
(42, 65, 69.9),
(42, 97, 266.1),
(42, 116, 159.5),
(42, 121, 234.3),
(42, 151, 246.1),
(42, 230, 141.1),
(42, 332, 270.7),
(43, 20, 251.9),
(43, 22, 252.6),
(43, 64, 59.8),
(43, 145, 99.9),
(43, 419, 166.9),
(44, 176, 183.2),
(44, 299, 189),
(44, 365, 234.6),
(45, 58, 297.9),
(45, 89, 144.6),
(45, 156, 148.7),
(45, 182, 292.7),
(45, 364, 251.3),
(46, 351, 106.9),
(46, 377, 44.5),
(46, 388, 203.3),
(46, 390, 242.5),
(47, 86, 18.2),
(47, 374, 53.8),
(47, 413, 82.7),
(48, 173, 76.6),
(48, 240, 31.4),
(48, 279, 163.3),
(48, 313, 155.5),
(48, 390, 224.2),
(49, 6, 259.1),
(49, 92, 170),
(49, 236, 66.9),
(49, 299, 154.2),
(50, 85, 252.1),
(50, 182, 41.9),
(50, 328, 286.7),
(50, 337, 239.7),
(51, 68, 120.2),
(51, 228, 68.4),
(51, 277, 197.6),
(52, 201, 133.8),
(52, 242, 198.9),
(52, 245, 253.9),
(53, 106, 38.4),
(53, 175, 190.6),
(53, 228, 140.6),
(53, 271, 197.6),
(53, 316, 125.9),
(53, 323, 16.9),
(53, 325, 185.8),
(54, 2, 16.2),
(54, 110, 32.3),
(54, 144, 66.3),
(54, 162, 128.1),
(54, 318, 66.6),
(54, 340, 218.1),
(55, 90, 180.5),
(55, 115, 107.4),
(55, 172, 10.9),
(55, 243, 167.2),
(55, 313, 170.5),
(55, 357, 138.5),
(56, 46, 136.2),
(56, 144, 110.9),
(56, 166, 56.4),
(56, 175, 41.6),
(56, 215, 135.6),
(56, 275, 116.3),
(56, 320, 37.9),
(57, 18, 17.9),
(57, 102, 289.3),
(57, 256, 76.9),
(57, 415, 128.4),
(58, 21, 147.2),
(58, 54, 284.1),
(58, 102, 283.6),
(58, 124, 238.9),
(58, 303, 236.3),
(58, 355, 238.5),
(58, 386, 150.6),
(59, 150, 88.5),
(59, 229, 37.1),
(59, 308, 290.3),
(59, 361, 38.8),
(59, 403, 79.1),
(60, 93, 165.9),
(60, 237, 161.5),
(60, 385, 144.9),
(61, 33, 94.3),
(61, 104, 176.2),
(61, 113, 47),
(61, 272, 296.9),
(61, 306, 187.1),
(62, 51, 293),
(62, 74, 24.3),
(62, 181, 105.6),
(62, 182, 229),
(62, 185, 117.6),
(63, 9, 81.4),
(63, 117, 282.2),
(63, 351, 195),
(63, 384, 235.1),
(63, 386, 268.4),
(64, 32, 33.7),
(64, 174, 266.6),
(64, 245, 262.2),
(64, 351, 277.3),
(64, 361, 123),
(64, 404, 285.1),
(64, 408, 240.4),
(65, 68, 195.5),
(65, 204, 236.7),
(65, 267, 130.3),
(65, 372, 102.4),
(66, 75, 287.7),
(66, 341, 190),
(66, 389, 269.6),
(67, 50, 290.1),
(67, 61, 173.8),
(67, 106, 113.3),
(67, 202, 263.5),
(67, 241, 290.7),
(67, 297, 222),
(68, 127, 230.9),
(68, 270, 143),
(68, 299, 187.4),
(68, 372, 14.3),
(68, 375, 181.3),
(69, 64, 209.2),
(69, 88, 162.5),
(69, 113, 28.1),
(69, 184, 27.1),
(69, 307, 80.9),
(70, 18, 211.7),
(70, 49, 87.9),
(70, 97, 229.9),
(70, 121, 298.8),
(70, 231, 170.3),
(70, 340, 31.2),
(70, 358, 24.4),
(71, 28, 196.8),
(71, 43, 180),
(71, 63, 93.5),
(71, 251, 218.8),
(71, 282, 265.9),
(71, 291, 178.1),
(72, 17, 136.4),
(72, 79, 49.9),
(72, 101, 228.3),
(72, 273, 73.7),
(72, 337, 152.6),
(73, 151, 117.9),
(73, 292, 112.6),
(73, 302, 179.5),
(74, 87, 264),
(74, 156, 134.4),
(74, 158, 140.6),
(75, 189, 206.2),
(75, 225, 299.5),
(75, 254, 18.8),
(75, 304, 145.9),
(75, 312, 36.1),
(75, 408, 90.8),
(76, 123, 283.7),
(76, 279, 248.1),
(76, 294, 118.6),
(76, 327, 33.8),
(76, 357, 139.7),
(77, 88, 34.1),
(77, 203, 90.3),
(77, 353, 207),
(77, 379, 179.4),
(78, 192, 208.1),
(78, 207, 24.5),
(78, 216, 81.4),
(78, 220, 224.8),
(78, 393, 44.1),
(78, 402, 174.9),
(78, 414, 200),
(79, 149, 61.7),
(79, 176, 78.4),
(79, 188, 259.7),
(79, 198, 254.2),
(79, 350, 158.5),
(80, 75, 238.6),
(80, 78, 248),
(80, 390, 142),
(81, 76, 195.3),
(81, 101, 134.5),
(81, 192, 65.3),
(81, 205, 45.6),
(81, 218, 167.3),
(81, 223, 43.2),
(81, 411, 64.1),
(82, 61, 118.3),
(82, 103, 176.1),
(82, 132, 200.5),
(82, 167, 94.6),
(82, 177, 206.6),
(82, 286, 265),
(82, 390, 63.9),
(83, 175, 110.1),
(83, 383, 264.4),
(83, 406, 206.1),
(84, 109, 15.6),
(84, 113, 98.1),
(84, 118, 291.7),
(84, 242, 179.1),
(85, 50, 271.2),
(85, 96, 212.8),
(85, 136, 76),
(85, 185, 207.4),
(85, 260, 246.3),
(85, 338, 45.5),
(86, 107, 242.1),
(86, 160, 183.1),
(86, 293, 93.1),
(86, 311, 261.8),
(86, 317, 147.9),
(86, 406, 169.9),
(87, 195, 199.9),
(87, 240, 269.1),
(87, 248, 80.6),
(88, 2, 271.3),
(88, 158, 107.8),
(88, 180, 281.3),
(88, 215, 193.5),
(88, 268, 112.4),
(88, 280, 285.7),
(88, 385, 88),
(89, 31, 212.5),
(89, 95, 209.6),
(89, 189, 264.3),
(89, 307, 293.1),
(89, 362, 210.9),
(89, 412, 91),
(90, 16, 40.7),
(90, 45, 118.2),
(90, 107, 162.7),
(90, 143, 236.5),
(90, 335, 275.5),
(91, 91, 295.7),
(91, 124, 189),
(91, 203, 195.4),
(91, 222, 185.5),
(91, 259, 205.1),
(91, 405, 213.3),
(92, 127, 295.4),
(92, 131, 267.7),
(92, 151, 206.6),
(92, 243, 159.6),
(92, 360, 155.9),
(92, 394, 59.8),
(93, 313, 158.8),
(93, 315, 238),
(93, 323, 265.7),
(93, 365, 144.4),
(93, 415, 77),
(94, 23, 263.4),
(94, 51, 274.8),
(94, 128, 187.8),
(94, 173, 87.1),
(94, 337, 268.7),
(95, 50, 38.6),
(95, 126, 188.8),
(95, 131, 25.6),
(95, 252, 41.8),
(95, 327, 279.6),
(95, 374, 274.4),
(96, 15, 158.1),
(96, 21, 22),
(96, 94, 256.9),
(96, 136, 264.3),
(97, 150, 294.8),
(97, 161, 156.1),
(97, 247, 198.4),
(97, 269, 177.2),
(97, 401, 140.6),
(98, 17, 71.4),
(98, 80, 42.6),
(98, 374, 44.8),
(99, 114, 116),
(99, 210, 247.1),
(99, 255, 297.5),
(99, 317, 24.8),
(99, 370, 20.8),
(100, 14, 13.8),
(100, 93, 49.9),
(100, 305, 284.9),
(100, 358, 254.8),
(100, 363, 117.6),
(100, 394, 62.7);

-- --------------------------------------------------------

--
-- Table structure for table `plan_repas`
--

CREATE TABLE `plan_repas` (
  `id_plan` int(11) NOT NULL,
  `id_utilisateur` int(11) DEFAULT NULL,
  `date_debut` date DEFAULT NULL,
  `date_fin` date DEFAULT NULL,
  `statut` varchar(50) DEFAULT NULL
) ENGINE=InnoDB DEFAULT CHARSET=utf8mb4 COLLATE=utf8mb4_general_ci;

--
-- Dumping data for table `plan_repas`
--

INSERT INTO `plan_repas` (`id_plan`, `id_utilisateur`, `date_debut`, `date_fin`, `statut`) VALUES
(1, 364, '2025-04-04', '2025-04-11', 'actif'),
(2, 268, '2025-04-03', '2025-04-10', 'actif'),
(3, 361, '2025-03-20', '2025-03-27', 'actif'),
(4, 366, '2025-03-02', '2025-03-09', 'actif'),
(5, 176, '2025-02-27', '2025-03-06', 'archivé'),
(6, 329, '2025-04-10', '2025-04-17', 'actif'),
(7, 206, '2025-03-13', '2025-03-20', 'actif'),
(8, 53, '2025-03-27', '2025-04-03', 'archivé'),
(9, 258, '2025-04-07', '2025-04-14', 'archivé'),
(10, 142, '2025-04-15', '2025-04-22', 'archivé'),
(11, 204, '2025-04-07', '2025-04-14', 'actif'),
(12, 335, '2025-03-18', '2025-03-25', 'actif'),
(13, 10, '2025-03-03', '2025-03-10', 'actif'),
(14, 237, '2025-03-16', '2025-03-23', 'actif'),
(15, 110, '2025-04-14', '2025-04-21', 'actif'),
(16, 300, '2025-03-04', '2025-03-11', 'archivé'),
(17, 307, '2025-04-08', '2025-04-15', 'actif'),
(18, 295, '2025-04-09', '2025-04-16', 'actif'),
(19, 58, '2025-04-09', '2025-04-16', 'archivé'),
(20, 57, '2025-02-16', '2025-02-23', 'actif'),
(21, 360, '2025-04-06', '2025-04-13', 'archivé'),
(22, 133, '2025-03-01', '2025-03-08', 'actif'),
(23, 195, '2025-04-04', '2025-04-11', 'actif'),
(24, 334, '2025-03-24', '2025-03-31', 'archivé'),
(25, 225, '2025-04-07', '2025-04-14', 'archivé'),
(26, 213, '2025-03-27', '2025-04-03', 'actif'),
(27, 155, '2025-04-08', '2025-04-15', 'actif'),
(28, 173, '2025-03-28', '2025-04-04', 'archivé'),
(29, 32, '2025-03-11', '2025-03-18', 'actif'),
(30, 102, '2025-03-03', '2025-03-10', 'actif'),
(31, 74, '2025-02-23', '2025-03-02', 'actif'),
(32, 6, '2025-03-07', '2025-03-14', 'archivé'),
(33, 135, '2025-04-14', '2025-04-21', 'archivé'),
(34, 137, '2025-02-23', '2025-03-02', 'actif'),
(35, 86, '2025-03-14', '2025-03-21', 'actif'),
(36, 322, '2025-02-28', '2025-03-07', 'actif'),
(37, 72, '2025-02-25', '2025-03-04', 'actif'),
(38, 55, '2025-03-22', '2025-03-29', 'actif'),
(39, 205, '2025-04-13', '2025-04-20', 'archivé'),
(40, 242, '2025-03-31', '2025-04-07', 'archivé'),
(41, 75, '2025-04-04', '2025-04-11', 'actif'),
(42, 186, '2025-02-16', '2025-02-23', 'actif'),
(43, 232, '2025-02-22', '2025-03-01', 'archivé'),
(44, 186, '2025-03-20', '2025-03-27', 'archivé'),
(45, 199, '2025-04-08', '2025-04-15', 'archivé'),
(46, 62, '2025-04-09', '2025-04-16', 'actif'),
(47, 43, '2025-03-29', '2025-04-05', 'archivé'),
(48, 273, '2025-04-08', '2025-04-15', 'actif'),
(49, 313, '2025-04-05', '2025-04-12', 'archivé'),
(50, 205, '2025-03-20', '2025-03-27', 'archivé'),
(51, 353, '2025-03-26', '2025-04-02', 'actif'),
(52, 311, '2025-04-16', '2025-04-23', 'archivé'),
(53, 124, '2025-02-28', '2025-03-07', 'archivé'),
(54, 167, '2025-03-07', '2025-03-14', 'actif'),
(55, 130, '2025-03-30', '2025-04-06', 'actif'),
(56, 94, '2025-03-15', '2025-03-22', 'actif'),
(57, 274, '2025-03-23', '2025-03-30', 'actif'),
(58, 333, '2025-04-12', '2025-04-19', 'archivé'),
(59, 220, '2025-03-20', '2025-03-27', 'archivé'),
(60, 173, '2025-03-01', '2025-03-08', 'archivé'),
(61, 60, '2025-04-14', '2025-04-21', 'actif'),
(62, 28, '2025-03-24', '2025-03-31', 'archivé'),
(63, 107, '2025-03-05', '2025-03-12', 'archivé'),
(64, 343, '2025-03-29', '2025-04-05', 'archivé'),
(65, 77, '2025-03-24', '2025-03-31', 'actif'),
(66, 264, '2025-03-14', '2025-03-21', 'archivé'),
(67, 344, '2025-03-02', '2025-03-09', 'archivé'),
(68, 325, '2025-03-21', '2025-03-28', 'actif'),
(69, 385, '2025-04-10', '2025-04-17', 'actif'),
(70, 153, '2025-02-20', '2025-02-27', 'actif'),
(71, 229, '2025-04-12', '2025-04-19', 'actif'),
(72, 165, '2025-03-08', '2025-03-15', 'archivé'),
(73, 100, '2025-02-25', '2025-03-04', 'archivé'),
(74, 72, '2025-02-25', '2025-03-04', 'actif'),
(75, 311, '2025-03-17', '2025-03-24', 'archivé'),
(76, 154, '2025-04-12', '2025-04-19', 'archivé'),
(77, 304, '2025-04-09', '2025-04-16', 'archivé'),
(78, 275, '2025-02-22', '2025-03-01', 'archivé'),
(79, 318, '2025-04-06', '2025-04-13', 'actif'),
(80, 93, '2025-03-16', '2025-03-23', 'archivé'),
(81, 314, '2025-04-15', '2025-04-22', 'actif'),
(82, 242, '2025-02-19', '2025-02-26', 'archivé'),
(83, 224, '2025-04-12', '2025-04-19', 'archivé'),
(84, 178, '2025-02-26', '2025-03-05', 'actif'),
(85, 92, '2025-03-24', '2025-03-31', 'archivé'),
(86, 218, '2025-03-27', '2025-04-03', 'actif'),
(87, 343, '2025-02-25', '2025-03-04', 'actif'),
(88, 387, '2025-02-23', '2025-03-02', 'actif'),
(89, 38, '2025-03-13', '2025-03-20', 'actif'),
(90, 96, '2025-03-11', '2025-03-18', 'archivé'),
(91, 359, '2025-03-06', '2025-03-13', 'archivé'),
(92, 237, '2025-04-03', '2025-04-10', 'archivé'),
(93, 276, '2025-02-24', '2025-03-03', 'actif'),
(94, 261, '2025-03-10', '2025-03-17', 'archivé'),
(95, 9, '2025-02-22', '2025-03-01', 'actif'),
(96, 16, '2025-03-27', '2025-04-03', 'archivé'),
(97, 219, '2025-04-08', '2025-04-15', 'archivé'),
(98, 364, '2025-02-20', '2025-02-27', 'actif'),
(99, 242, '2025-04-09', '2025-04-16', 'actif'),
(100, 290, '2025-03-14', '2025-03-21', 'actif');

-- --------------------------------------------------------

--
-- Table structure for table `profil_nutritionnel`
--

CREATE TABLE `profil_nutritionnel` (
  `id_profil` int(11) NOT NULL,
  `id_utilisateur` int(11) DEFAULT NULL,
  `age` int(11) DEFAULT NULL,
  `poids` float DEFAULT NULL,
  `objectif` varchar(100) DEFAULT NULL,
  `allergies` text DEFAULT NULL,
  `preferences_alimentaires` text DEFAULT NULL
) ENGINE=InnoDB DEFAULT CHARSET=utf8mb4 COLLATE=utf8mb4_general_ci;

--
-- Dumping data for table `profil_nutritionnel`
--

INSERT INTO `profil_nutritionnel` (`id_profil`, `id_utilisateur`, `age`, `poids`, `objectif`, `allergies`, `preferences_alimentaires`) VALUES
(1, 1, 26, 81.6, 'Maintien', 'Gluten', 'Végan'),
(2, 2, 29, 64.3, 'Prise de muscle', 'Gluten', 'Végan'),
(3, 3, 60, 51, 'Prise de muscle', 'Gluten', 'Aucune préférence'),
(4, 4, 46, 46.3, 'Prise de muscle', 'Lactose', 'Végétarien'),
(5, 5, 41, 89.1, 'Perte de poids', 'Fruits à coque', 'Aucune préférence'),
(6, 6, 53, 78, 'Perte de poids', 'Aucune', 'Aucune préférence'),
(7, 7, 27, 84.4, 'Maintien', 'Gluten', 'Aucune préférence'),
(8, 8, 30, 66.8, 'Prise de muscle', 'Aucune', 'Végétarien'),
(9, 9, 25, 97.7, 'Prise de muscle', 'Gluten', 'Végétarien'),
(10, 10, 55, 58, 'Prise de muscle', 'Gluten', 'Végan'),
(11, 11, 55, 97.6, 'Maintien', 'Lactose', 'Végétarien'),
(12, 12, 61, 47.4, 'Perte de poids', 'Fruits à coque', 'Aucune préférence'),
(13, 13, 44, 63.4, 'Prise de muscle', 'Lactose', 'Végétarien'),
(14, 14, 36, 52.5, 'Prise de muscle', 'Fruits à coque', 'Aucune préférence'),
(15, 15, 26, 48.7, 'Perte de poids', 'Aucune', 'Aucune préférence'),
(16, 16, 36, 77.4, 'Perte de poids', 'Aucune', 'Végétarien'),
(17, 17, 22, 91.2, 'Maintien', 'Aucune', 'Végan'),
(18, 18, 22, 74.1, 'Perte de poids', 'Fruits à coque', 'Végan'),
(19, 19, 35, 92.4, 'Prise de muscle', 'Aucune', 'Végan'),
(20, 20, 26, 68.8, 'Prise de muscle', 'Aucune', 'Halal'),
(21, 21, 37, 95, 'Perte de poids', 'Gluten', 'Halal'),
(22, 22, 50, 76.5, 'Prise de muscle', 'Fruits à coque', 'Aucune préférence'),
(23, 23, 38, 48.5, 'Maintien', 'Lactose', 'Végan'),
(24, 24, 31, 97.7, 'Maintien', 'Aucune', 'Aucune préférence'),
(25, 25, 34, 95, 'Perte de poids', 'Aucune', 'Halal'),
(26, 26, 34, 97.6, 'Maintien', 'Fruits à coque', 'Halal'),
(27, 27, 26, 76, 'Prise de muscle', 'Fruits à coque', 'Végan'),
(28, 28, 36, 81.7, 'Maintien', 'Lactose', 'Aucune préférence'),
(29, 29, 40, 80.2, 'Maintien', 'Fruits à coque', 'Végan'),
(30, 30, 53, 91.1, 'Perte de poids', 'Lactose', 'Halal'),
(31, 31, 61, 95.2, 'Maintien', 'Lactose', 'Végan'),
(32, 32, 59, 48.3, 'Maintien', 'Aucune', 'Végétarien'),
(33, 33, 43, 84.2, 'Prise de muscle', 'Fruits à coque', 'Végétarien'),
(34, 34, 20, 80.9, 'Maintien', 'Fruits à coque', 'Végétarien'),
(35, 35, 50, 57, 'Prise de muscle', 'Fruits à coque', 'Végétarien'),
(36, 36, 39, 86.5, 'Maintien', 'Gluten', 'Végan'),
(37, 37, 53, 95, 'Prise de muscle', 'Fruits à coque', 'Aucune préférence'),
(38, 38, 57, 55.2, 'Prise de muscle', 'Fruits à coque', 'Végan'),
(39, 39, 52, 93.5, 'Prise de muscle', 'Gluten', 'Aucune préférence'),
(40, 40, 43, 65.3, 'Perte de poids', 'Lactose', 'Halal'),
(41, 41, 25, 56.1, 'Prise de muscle', 'Lactose', 'Végan'),
(42, 42, 22, 83.8, 'Perte de poids', 'Aucune', 'Aucune préférence'),
(43, 43, 57, 91.3, 'Perte de poids', 'Aucune', 'Aucune préférence'),
(44, 44, 21, 59.3, 'Maintien', 'Lactose', 'Végan'),
(45, 45, 23, 81.1, 'Prise de muscle', 'Aucune', 'Halal'),
(46, 46, 20, 72.3, 'Perte de poids', 'Lactose', 'Végan'),
(47, 47, 44, 56.7, 'Perte de poids', 'Gluten', 'Végétarien'),
(48, 48, 25, 97.5, 'Prise de muscle', 'Fruits à coque', 'Végan'),
(49, 49, 19, 65.6, 'Maintien', 'Fruits à coque', 'Aucune préférence'),
(50, 50, 46, 60.9, 'Maintien', 'Gluten', 'Végétarien'),
(51, 51, 42, 68.1, 'Perte de poids', 'Fruits à coque', 'Aucune préférence'),
(52, 52, 58, 90.8, 'Perte de poids', 'Gluten', 'Végétarien'),
(53, 53, 58, 77.2, 'Maintien', 'Fruits à coque', 'Végan'),
(54, 54, 22, 69, 'Perte de poids', 'Lactose', 'Végan'),
(55, 55, 60, 79.3, 'Maintien', 'Fruits à coque', 'Halal'),
(56, 56, 25, 83.7, 'Maintien', 'Aucune', 'Halal'),
(57, 57, 62, 73, 'Maintien', 'Gluten', 'Végan'),
(58, 58, 62, 57.5, 'Maintien', 'Gluten', 'Halal'),
(59, 59, 65, 65.1, 'Perte de poids', 'Gluten', 'Végan'),
(60, 60, 47, 63.8, 'Maintien', 'Fruits à coque', 'Végan'),
(61, 61, 19, 79.8, 'Prise de muscle', 'Lactose', 'Végétarien'),
(62, 62, 23, 84, 'Perte de poids', 'Gluten', 'Aucune préférence'),
(63, 63, 23, 57.8, 'Prise de muscle', 'Fruits à coque', 'Végan'),
(64, 64, 32, 78, 'Prise de muscle', 'Lactose', 'Aucune préférence'),
(65, 65, 49, 87.5, 'Perte de poids', 'Lactose', 'Halal'),
(66, 66, 21, 95.8, 'Perte de poids', 'Gluten', 'Aucune préférence'),
(67, 67, 45, 69.2, 'Prise de muscle', 'Fruits à coque', 'Halal'),
(68, 68, 31, 74, 'Prise de muscle', 'Aucune', 'Végan'),
(69, 69, 43, 70.7, 'Prise de muscle', 'Gluten', 'Aucune préférence'),
(70, 70, 39, 86.1, 'Maintien', 'Gluten', 'Végan'),
(71, 71, 24, 88.1, 'Perte de poids', 'Lactose', 'Halal'),
(72, 72, 44, 87.6, 'Maintien', 'Aucune', 'Halal'),
(73, 73, 21, 45.3, 'Perte de poids', 'Fruits à coque', 'Végan'),
(74, 74, 56, 88.5, 'Perte de poids', 'Gluten', 'Végétarien'),
(75, 75, 54, 80.8, 'Maintien', 'Aucune', 'Halal'),
(76, 76, 62, 83, 'Perte de poids', 'Lactose', 'Végan'),
(77, 77, 20, 72.5, 'Maintien', 'Aucune', 'Végan'),
(78, 78, 64, 99.5, 'Prise de muscle', 'Aucune', 'Aucune préférence'),
(79, 79, 38, 52.2, 'Maintien', 'Aucune', 'Halal'),
(80, 80, 34, 71.1, 'Prise de muscle', 'Aucune', 'Halal'),
(81, 81, 29, 76.7, 'Prise de muscle', 'Aucune', 'Halal'),
(82, 82, 19, 67.1, 'Perte de poids', 'Gluten', 'Halal'),
(83, 83, 60, 74.2, 'Perte de poids', 'Fruits à coque', 'Aucune préférence'),
(84, 84, 38, 77.6, 'Prise de muscle', 'Fruits à coque', 'Végétarien'),
(85, 85, 32, 60.7, 'Perte de poids', 'Fruits à coque', 'Végétarien'),
(86, 86, 41, 91.2, 'Prise de muscle', 'Fruits à coque', 'Végan'),
(87, 87, 52, 96.3, 'Maintien', 'Lactose', 'Végan'),
(88, 88, 26, 59.5, 'Prise de muscle', 'Gluten', 'Végétarien'),
(89, 89, 50, 52.4, 'Maintien', 'Aucune', 'Halal'),
(90, 90, 53, 50.7, 'Prise de muscle', 'Gluten', 'Végétarien'),
(91, 91, 21, 53.8, 'Maintien', 'Aucune', 'Halal'),
(92, 92, 33, 85.5, 'Maintien', 'Fruits à coque', 'Végétarien'),
(93, 93, 19, 74.5, 'Maintien', 'Gluten', 'Halal'),
(94, 94, 32, 93.8, 'Maintien', 'Gluten', 'Halal'),
(95, 95, 36, 60.1, 'Perte de poids', 'Lactose', 'Aucune préférence'),
(96, 96, 52, 72.5, 'Maintien', 'Fruits à coque', 'Végan'),
(97, 97, 60, 67.7, 'Perte de poids', 'Gluten', 'Végétarien'),
(98, 98, 58, 67.7, 'Prise de muscle', 'Gluten', 'Halal'),
(99, 99, 55, 73.3, 'Prise de muscle', 'Gluten', 'Végan'),
(100, 100, 39, 99.9, 'Perte de poids', 'Gluten', 'Halal'),
(101, 101, 65, 58, 'Maintien', 'Aucune', 'Halal'),
(102, 102, 54, 92.9, 'Perte de poids', 'Aucune', 'Aucune préférence'),
(103, 103, 36, 60.8, 'Maintien', 'Aucune', 'Végétarien'),
(104, 104, 34, 91.3, 'Maintien', 'Aucune', 'Aucune préférence'),
(105, 105, 39, 46.4, 'Maintien', 'Aucune', 'Végan'),
(106, 106, 41, 62.8, 'Perte de poids', 'Gluten', 'Halal'),
(107, 107, 52, 68.2, 'Prise de muscle', 'Fruits à coque', 'Végétarien'),
(108, 108, 54, 48.7, 'Perte de poids', 'Lactose', 'Halal'),
(109, 109, 30, 75, 'Perte de poids', 'Fruits à coque', 'Halal'),
(110, 110, 60, 81.7, 'Prise de muscle', 'Lactose', 'Aucune préférence'),
(111, 111, 30, 86.7, 'Prise de muscle', 'Fruits à coque', 'Végan'),
(112, 112, 39, 66.4, 'Prise de muscle', 'Gluten', 'Halal'),
(113, 113, 63, 60, 'Maintien', 'Lactose', 'Végan'),
(114, 114, 21, 90.9, 'Prise de muscle', 'Aucune', 'Halal'),
(115, 115, 34, 46.5, 'Maintien', 'Aucune', 'Végan'),
(116, 116, 58, 93.6, 'Maintien', 'Aucune', 'Aucune préférence'),
(117, 117, 41, 49.1, 'Perte de poids', 'Fruits à coque', 'Végétarien'),
(118, 118, 64, 78.2, 'Prise de muscle', 'Lactose', 'Halal'),
(119, 119, 65, 91.5, 'Prise de muscle', 'Aucune', 'Végan'),
(120, 120, 37, 77.4, 'Perte de poids', 'Aucune', 'Végétarien'),
(121, 121, 24, 62.4, 'Maintien', 'Gluten', 'Végétarien'),
(122, 122, 46, 58.2, 'Prise de muscle', 'Fruits à coque', 'Aucune préférence'),
(123, 123, 33, 51.7, 'Prise de muscle', 'Gluten', 'Aucune préférence'),
(124, 124, 65, 92.7, 'Maintien', 'Gluten', 'Végétarien'),
(125, 125, 64, 83.2, 'Perte de poids', 'Lactose', 'Aucune préférence'),
(126, 126, 60, 71.7, 'Prise de muscle', 'Lactose', 'Végétarien'),
(127, 127, 27, 96.6, 'Prise de muscle', 'Aucune', 'Aucune préférence'),
(128, 128, 35, 58.9, 'Maintien', 'Gluten', 'Végan'),
(129, 129, 46, 74, 'Perte de poids', 'Gluten', 'Végan'),
(130, 130, 56, 73, 'Perte de poids', 'Aucune', 'Végan'),
(131, 131, 61, 72.7, 'Prise de muscle', 'Fruits à coque', 'Aucune préférence'),
(132, 132, 57, 82.5, 'Prise de muscle', 'Fruits à coque', 'Halal'),
(133, 133, 54, 50.6, 'Prise de muscle', 'Lactose', 'Aucune préférence'),
(134, 134, 22, 77.1, 'Prise de muscle', 'Gluten', 'Halal'),
(135, 135, 54, 97.9, 'Perte de poids', 'Lactose', 'Végétarien'),
(136, 136, 54, 78.8, 'Prise de muscle', 'Fruits à coque', 'Végétarien'),
(137, 137, 63, 49.8, 'Maintien', 'Lactose', 'Végétarien'),
(138, 138, 58, 65.7, 'Maintien', 'Gluten', 'Halal'),
(139, 139, 33, 51.5, 'Perte de poids', 'Gluten', 'Végan'),
(140, 140, 37, 89.2, 'Perte de poids', 'Aucune', 'Végétarien'),
(141, 141, 48, 49.3, 'Prise de muscle', 'Aucune', 'Végan'),
(142, 142, 35, 89.3, 'Prise de muscle', 'Gluten', 'Aucune préférence'),
(143, 143, 50, 89.2, 'Maintien', 'Fruits à coque', 'Aucune préférence'),
(144, 144, 39, 45.6, 'Maintien', 'Gluten', 'Halal'),
(145, 145, 61, 66.8, 'Perte de poids', 'Fruits à coque', 'Aucune préférence'),
(146, 146, 40, 84.3, 'Perte de poids', 'Lactose', 'Aucune préférence'),
(147, 147, 40, 46.9, 'Perte de poids', 'Aucune', 'Végan'),
(148, 148, 39, 81.3, 'Prise de muscle', 'Gluten', 'Végan'),
(149, 149, 40, 57.8, 'Perte de poids', 'Fruits à coque', 'Végétarien'),
(150, 150, 48, 62, 'Perte de poids', 'Aucune', 'Végétarien'),
(151, 151, 22, 84.5, 'Maintien', 'Lactose', 'Halal'),
(152, 152, 39, 49.6, 'Perte de poids', 'Gluten', 'Halal'),
(153, 153, 30, 79.4, 'Prise de muscle', 'Gluten', 'Végétarien'),
(154, 154, 41, 83.5, 'Maintien', 'Lactose', 'Végan'),
(155, 155, 58, 52.9, 'Prise de muscle', 'Fruits à coque', 'Halal'),
(156, 156, 45, 56.5, 'Prise de muscle', 'Fruits à coque', 'Aucune préférence'),
(157, 157, 51, 90.1, 'Maintien', 'Gluten', 'Végétarien'),
(158, 158, 33, 98.8, 'Perte de poids', 'Fruits à coque', 'Végétarien'),
(159, 159, 54, 61.6, 'Prise de muscle', 'Gluten', 'Aucune préférence'),
(160, 160, 28, 56.8, 'Perte de poids', 'Aucune', 'Végan'),
(161, 161, 35, 52.1, 'Prise de muscle', 'Fruits à coque', 'Halal'),
(162, 162, 37, 91.4, 'Perte de poids', 'Lactose', 'Végétarien'),
(163, 163, 33, 97, 'Prise de muscle', 'Fruits à coque', 'Aucune préférence'),
(164, 164, 18, 65.5, 'Maintien', 'Fruits à coque', 'Aucune préférence'),
(165, 165, 38, 47.1, 'Perte de poids', 'Lactose', 'Végétarien'),
(166, 166, 19, 86.1, 'Perte de poids', 'Aucune', 'Halal'),
(167, 167, 21, 46.4, 'Perte de poids', 'Fruits à coque', 'Halal'),
(168, 168, 52, 47, 'Prise de muscle', 'Aucune', 'Végan'),
(169, 169, 47, 95.1, 'Perte de poids', 'Lactose', 'Aucune préférence'),
(170, 170, 35, 69.9, 'Prise de muscle', 'Lactose', 'Végétarien'),
(171, 171, 46, 56, 'Prise de muscle', 'Aucune', 'Aucune préférence'),
(172, 172, 52, 72.8, 'Maintien', 'Lactose', 'Végétarien'),
(173, 173, 62, 54.4, 'Maintien', 'Lactose', 'Halal'),
(174, 174, 36, 62.3, 'Perte de poids', 'Lactose', 'Aucune préférence'),
(175, 175, 35, 74.8, 'Prise de muscle', 'Gluten', 'Halal'),
(176, 176, 23, 88, 'Prise de muscle', 'Gluten', 'Aucune préférence'),
(177, 177, 50, 45.6, 'Maintien', 'Gluten', 'Halal'),
(178, 178, 38, 61.7, 'Perte de poids', 'Aucune', 'Végan'),
(179, 179, 55, 46.3, 'Prise de muscle', 'Aucune', 'Halal'),
(180, 180, 27, 45.6, 'Perte de poids', 'Lactose', 'Halal'),
(181, 181, 56, 64.8, 'Prise de muscle', 'Aucune', 'Aucune préférence'),
(182, 182, 55, 73.8, 'Prise de muscle', 'Gluten', 'Halal'),
(183, 183, 32, 47.9, 'Perte de poids', 'Gluten', 'Halal'),
(184, 184, 54, 61.3, 'Prise de muscle', 'Fruits à coque', 'Végan'),
(185, 185, 21, 47.7, 'Maintien', 'Gluten', 'Végétarien'),
(186, 186, 59, 86.9, 'Maintien', 'Aucune', 'Halal'),
(187, 187, 46, 83, 'Maintien', 'Lactose', 'Halal'),
(188, 188, 30, 63.7, 'Perte de poids', 'Fruits à coque', 'Aucune préférence'),
(189, 189, 62, 81.9, 'Maintien', 'Gluten', 'Aucune préférence'),
(190, 190, 27, 49.7, 'Prise de muscle', 'Lactose', 'Aucune préférence'),
(191, 191, 35, 63.5, 'Perte de poids', 'Fruits à coque', 'Halal'),
(192, 192, 52, 95.7, 'Perte de poids', 'Fruits à coque', 'Végétarien'),
(193, 193, 18, 82.8, 'Maintien', 'Fruits à coque', 'Halal'),
(194, 194, 21, 69.9, 'Prise de muscle', 'Fruits à coque', 'Végétarien'),
(195, 195, 22, 54.2, 'Perte de poids', 'Gluten', 'Végétarien'),
(196, 196, 20, 87.7, 'Maintien', 'Lactose', 'Végan'),
(197, 197, 20, 61.2, 'Perte de poids', 'Aucune', 'Aucune préférence'),
(198, 198, 43, 56.7, 'Maintien', 'Gluten', 'Halal'),
(199, 199, 25, 89.8, 'Maintien', 'Lactose', 'Aucune préférence'),
(200, 200, 50, 82.3, 'Prise de muscle', 'Aucune', 'Aucune préférence'),
(201, 201, 21, 78.2, 'Perte de poids', 'Lactose', 'Végan'),
(202, 202, 20, 50.4, 'Maintien', 'Lactose', 'Végétarien'),
(203, 203, 60, 77.6, 'Maintien', 'Aucune', 'Végétarien'),
(204, 204, 62, 89.4, 'Perte de poids', 'Gluten', 'Aucune préférence'),
(205, 205, 61, 89.5, 'Perte de poids', 'Lactose', 'Aucune préférence'),
(206, 206, 42, 69.6, 'Prise de muscle', 'Aucune', 'Halal'),
(207, 207, 32, 72.5, 'Perte de poids', 'Fruits à coque', 'Végan'),
(208, 208, 44, 85.1, 'Perte de poids', 'Aucune', 'Végan'),
(209, 209, 64, 66.1, 'Perte de poids', 'Gluten', 'Aucune préférence'),
(210, 210, 22, 97.5, 'Prise de muscle', 'Aucune', 'Végétarien'),
(211, 211, 65, 83.3, 'Perte de poids', 'Lactose', 'Végétarien'),
(212, 212, 54, 53.7, 'Prise de muscle', 'Aucune', 'Végan'),
(213, 213, 54, 98.2, 'Perte de poids', 'Aucune', 'Végan'),
(214, 214, 64, 97.8, 'Prise de muscle', 'Aucune', 'Aucune préférence'),
(215, 215, 39, 97.9, 'Maintien', 'Gluten', 'Aucune préférence'),
(216, 216, 40, 98.6, 'Perte de poids', 'Lactose', 'Végétarien'),
(217, 217, 41, 72.6, 'Perte de poids', 'Fruits à coque', 'Végan'),
(218, 218, 48, 75.4, 'Maintien', 'Lactose', 'Halal'),
(219, 219, 31, 57.6, 'Prise de muscle', 'Aucune', 'Végan'),
(220, 220, 51, 91.3, 'Perte de poids', 'Gluten', 'Halal'),
(221, 221, 44, 51.6, 'Perte de poids', 'Lactose', 'Végan'),
(222, 222, 26, 86, 'Perte de poids', 'Gluten', 'Aucune préférence'),
(223, 223, 22, 94, 'Perte de poids', 'Fruits à coque', 'Aucune préférence'),
(224, 224, 65, 79.6, 'Prise de muscle', 'Aucune', 'Halal'),
(225, 225, 22, 86, 'Perte de poids', 'Lactose', 'Végétarien'),
(226, 226, 55, 85.3, 'Perte de poids', 'Fruits à coque', 'Végétarien'),
(227, 227, 46, 84.5, 'Maintien', 'Fruits à coque', 'Halal'),
(228, 228, 38, 66.5, 'Perte de poids', 'Gluten', 'Végétarien'),
(229, 229, 51, 94.5, 'Perte de poids', 'Gluten', 'Végan'),
(230, 230, 62, 84.4, 'Maintien', 'Lactose', 'Halal'),
(231, 231, 47, 59.5, 'Perte de poids', 'Gluten', 'Végétarien'),
(232, 232, 38, 69.4, 'Prise de muscle', 'Lactose', 'Halal'),
(233, 233, 36, 79.5, 'Perte de poids', 'Fruits à coque', 'Végétarien'),
(234, 234, 46, 45.8, 'Prise de muscle', 'Lactose', 'Halal'),
(235, 235, 57, 76.7, 'Perte de poids', 'Aucune', 'Végan'),
(236, 236, 42, 54.5, 'Maintien', 'Lactose', 'Végétarien'),
(237, 237, 51, 83.9, 'Perte de poids', 'Aucune', 'Aucune préférence'),
(238, 238, 47, 89.6, 'Perte de poids', 'Gluten', 'Végétarien'),
(239, 239, 34, 50, 'Maintien', 'Fruits à coque', 'Halal'),
(240, 240, 45, 87.4, 'Prise de muscle', 'Fruits à coque', 'Aucune préférence'),
(241, 241, 48, 96.2, 'Perte de poids', 'Aucune', 'Aucune préférence'),
(242, 242, 23, 61.2, 'Maintien', 'Gluten', 'Halal'),
(243, 243, 48, 78.1, 'Maintien', 'Aucune', 'Halal'),
(244, 244, 56, 82.3, 'Maintien', 'Fruits à coque', 'Végétarien'),
(245, 245, 25, 68, 'Perte de poids', 'Lactose', 'Halal'),
(246, 246, 36, 77.7, 'Perte de poids', 'Fruits à coque', 'Végan'),
(247, 247, 47, 97, 'Prise de muscle', 'Fruits à coque', 'Aucune préférence'),
(248, 248, 33, 81.5, 'Maintien', 'Lactose', 'Végétarien'),
(249, 249, 44, 58.1, 'Prise de muscle', 'Lactose', 'Végétarien'),
(250, 250, 56, 95.2, 'Perte de poids', 'Gluten', 'Végétarien'),
(251, 251, 21, 87.5, 'Maintien', 'Aucune', 'Halal'),
(252, 252, 35, 58.1, 'Maintien', 'Lactose', 'Aucune préférence'),
(253, 253, 20, 77.7, 'Prise de muscle', 'Aucune', 'Végétarien'),
(254, 254, 39, 95.6, 'Prise de muscle', 'Lactose', 'Aucune préférence'),
(255, 255, 45, 84.7, 'Prise de muscle', 'Lactose', 'Aucune préférence'),
(256, 256, 33, 70.3, 'Maintien', 'Fruits à coque', 'Halal'),
(257, 257, 62, 61.1, 'Maintien', 'Aucune', 'Aucune préférence'),
(258, 258, 62, 97, 'Perte de poids', 'Lactose', 'Végan'),
(259, 259, 40, 97, 'Perte de poids', 'Lactose', 'Végan'),
(260, 260, 24, 95.5, 'Perte de poids', 'Fruits à coque', 'Végétarien'),
(261, 261, 31, 50.8, 'Perte de poids', 'Aucune', 'Végan'),
(262, 262, 40, 83.4, 'Maintien', 'Lactose', 'Halal'),
(263, 263, 51, 59.5, 'Prise de muscle', 'Fruits à coque', 'Végan'),
(264, 264, 63, 63.7, 'Prise de muscle', 'Lactose', 'Végan'),
(265, 265, 46, 51.6, 'Perte de poids', 'Fruits à coque', 'Végétarien'),
(266, 266, 41, 85.7, 'Perte de poids', 'Fruits à coque', 'Végétarien'),
(267, 267, 38, 51.5, 'Perte de poids', 'Aucune', 'Aucune préférence'),
(268, 268, 56, 55.2, 'Perte de poids', 'Fruits à coque', 'Végétarien'),
(269, 269, 46, 51.2, 'Perte de poids', 'Gluten', 'Aucune préférence'),
(270, 270, 35, 67.2, 'Maintien', 'Lactose', 'Végan'),
(271, 271, 32, 47.7, 'Perte de poids', 'Lactose', 'Halal'),
(272, 272, 29, 93.6, 'Prise de muscle', 'Lactose', 'Halal'),
(273, 273, 48, 84.3, 'Perte de poids', 'Lactose', 'Aucune préférence'),
(274, 274, 44, 45.4, 'Maintien', 'Gluten', 'Aucune préférence'),
(275, 275, 46, 76.5, 'Maintien', 'Aucune', 'Aucune préférence'),
(276, 276, 37, 54.5, 'Perte de poids', 'Lactose', 'Aucune préférence'),
(277, 277, 24, 46.9, 'Prise de muscle', 'Fruits à coque', 'Aucune préférence'),
(278, 278, 45, 63.3, 'Prise de muscle', 'Lactose', 'Végan'),
(279, 279, 62, 71.8, 'Prise de muscle', 'Lactose', 'Végan'),
(280, 280, 40, 76.2, 'Prise de muscle', 'Gluten', 'Halal'),
(281, 281, 29, 86.8, 'Maintien', 'Lactose', 'Halal'),
(282, 282, 32, 85.9, 'Maintien', 'Aucune', 'Végétarien'),
(283, 283, 28, 97.3, 'Perte de poids', 'Aucune', 'Végan'),
(284, 284, 51, 69.4, 'Maintien', 'Fruits à coque', 'Végétarien'),
(285, 285, 53, 94.4, 'Prise de muscle', 'Lactose', 'Halal'),
(286, 286, 39, 72.5, 'Perte de poids', 'Lactose', 'Aucune préférence'),
(287, 287, 33, 63.8, 'Maintien', 'Lactose', 'Végan'),
(288, 288, 24, 68.2, 'Prise de muscle', 'Aucune', 'Végétarien'),
(289, 289, 46, 95, 'Prise de muscle', 'Fruits à coque', 'Végan'),
(290, 290, 38, 61.4, 'Prise de muscle', 'Lactose', 'Végan'),
(291, 291, 40, 49.3, 'Maintien', 'Lactose', 'Végan'),
(292, 292, 61, 57.8, 'Prise de muscle', 'Gluten', 'Aucune préférence'),
(293, 293, 52, 47.8, 'Maintien', 'Aucune', 'Aucune préférence'),
(294, 294, 39, 62.8, 'Maintien', 'Aucune', 'Aucune préférence'),
(295, 295, 27, 79.2, 'Perte de poids', 'Aucune', 'Halal'),
(296, 296, 34, 91.2, 'Maintien', 'Lactose', 'Végétarien'),
(297, 297, 54, 93.9, 'Maintien', 'Aucune', 'Végétarien'),
(298, 298, 46, 59.8, 'Perte de poids', 'Fruits à coque', 'Aucune préférence'),
(299, 299, 64, 69.8, 'Maintien', 'Aucune', 'Aucune préférence'),
(300, 300, 63, 79.4, 'Perte de poids', 'Fruits à coque', 'Végan'),
(301, 301, 61, 74.4, 'Perte de poids', 'Gluten', 'Halal'),
(302, 302, 34, 60.3, 'Maintien', 'Fruits à coque', 'Végétarien'),
(303, 303, 37, 47.7, 'Prise de muscle', 'Lactose', 'Végan'),
(304, 304, 49, 84.8, 'Prise de muscle', 'Gluten', 'Halal'),
(305, 305, 32, 61.1, 'Maintien', 'Aucune', 'Aucune préférence'),
(306, 306, 27, 63.1, 'Perte de poids', 'Lactose', 'Halal'),
(307, 307, 34, 57.6, 'Maintien', 'Gluten', 'Végan'),
(308, 308, 34, 53.7, 'Prise de muscle', 'Gluten', 'Végétarien'),
(309, 309, 27, 58.9, 'Maintien', 'Lactose', 'Végétarien'),
(310, 310, 24, 45.6, 'Prise de muscle', 'Lactose', 'Végan'),
(311, 311, 61, 51.3, 'Perte de poids', 'Fruits à coque', 'Végétarien'),
(312, 312, 26, 83.3, 'Prise de muscle', 'Lactose', 'Halal'),
(313, 313, 30, 75.6, 'Prise de muscle', 'Fruits à coque', 'Aucune préférence'),
(314, 314, 58, 56.1, 'Maintien', 'Gluten', 'Végétarien'),
(315, 315, 64, 47.6, 'Prise de muscle', 'Fruits à coque', 'Végan'),
(316, 316, 39, 72.2, 'Prise de muscle', 'Lactose', 'Végan'),
(317, 317, 49, 62.6, 'Maintien', 'Lactose', 'Halal'),
(318, 318, 44, 50.4, 'Prise de muscle', 'Lactose', 'Végétarien'),
(319, 319, 57, 91, 'Prise de muscle', 'Aucune', 'Halal'),
(320, 320, 23, 83, 'Prise de muscle', 'Gluten', 'Végétarien'),
(321, 321, 59, 60.6, 'Perte de poids', 'Aucune', 'Halal'),
(322, 322, 31, 76.4, 'Maintien', 'Lactose', 'Aucune préférence'),
(323, 323, 49, 78, 'Perte de poids', 'Fruits à coque', 'Halal'),
(324, 324, 62, 46.8, 'Prise de muscle', 'Aucune', 'Halal'),
(325, 325, 36, 92.3, 'Perte de poids', 'Lactose', 'Aucune préférence'),
(326, 326, 42, 67.8, 'Maintien', 'Lactose', 'Végétarien'),
(327, 327, 54, 53.7, 'Perte de poids', 'Lactose', 'Aucune préférence'),
(328, 328, 39, 76.3, 'Maintien', 'Gluten', 'Végétarien'),
(329, 329, 54, 91.1, 'Maintien', 'Aucune', 'Halal'),
(330, 330, 61, 60.9, 'Maintien', 'Fruits à coque', 'Halal'),
(331, 331, 63, 58.4, 'Prise de muscle', 'Aucune', 'Végan'),
(332, 332, 42, 62.1, 'Prise de muscle', 'Gluten', 'Végétarien'),
(333, 333, 54, 64.7, 'Maintien', 'Gluten', 'Halal'),
(334, 334, 56, 67.9, 'Perte de poids', 'Aucune', 'Végétarien'),
(335, 335, 29, 67.2, 'Perte de poids', 'Aucune', 'Aucune préférence'),
(336, 336, 51, 65.3, 'Maintien', 'Lactose', 'Végan'),
(337, 337, 28, 51.3, 'Perte de poids', 'Lactose', 'Végan'),
(338, 338, 30, 65.3, 'Perte de poids', 'Lactose', 'Aucune préférence'),
(339, 339, 18, 67.6, 'Maintien', 'Gluten', 'Végan'),
(340, 340, 35, 90.5, 'Prise de muscle', 'Aucune', 'Végétarien'),
(341, 341, 59, 91, 'Maintien', 'Fruits à coque', 'Aucune préférence'),
(342, 342, 28, 93.5, 'Perte de poids', 'Lactose', 'Aucune préférence'),
(343, 343, 30, 76.7, 'Prise de muscle', 'Aucune', 'Aucune préférence'),
(344, 344, 65, 91.7, 'Prise de muscle', 'Gluten', 'Halal'),
(345, 345, 44, 72.4, 'Perte de poids', 'Fruits à coque', 'Végan'),
(346, 346, 53, 56.3, 'Perte de poids', 'Fruits à coque', 'Aucune préférence'),
(347, 347, 53, 79.8, 'Prise de muscle', 'Lactose', 'Végan'),
(348, 348, 35, 74.2, 'Prise de muscle', 'Gluten', 'Végétarien'),
(349, 349, 19, 96.8, 'Maintien', 'Aucune', 'Végétarien'),
(350, 350, 39, 97.7, 'Prise de muscle', 'Lactose', 'Végan'),
(351, 351, 34, 65.4, 'Prise de muscle', 'Fruits à coque', 'Aucune préférence'),
(352, 352, 29, 98.6, 'Maintien', 'Aucune', 'Végétarien'),
(353, 353, 18, 45.1, 'Perte de poids', 'Fruits à coque', 'Végan'),
(354, 354, 19, 75.9, 'Prise de muscle', 'Fruits à coque', 'Végétarien'),
(355, 355, 24, 49.7, 'Maintien', 'Aucune', 'Végétarien'),
(356, 356, 26, 52.8, 'Prise de muscle', 'Fruits à coque', 'Végan'),
(357, 357, 23, 58.3, 'Prise de muscle', 'Lactose', 'Végétarien'),
(358, 358, 57, 53.5, 'Perte de poids', 'Lactose', 'Végétarien'),
(359, 359, 44, 83.2, 'Maintien', 'Aucune', 'Végétarien'),
(360, 360, 40, 61.5, 'Prise de muscle', 'Fruits à coque', 'Halal'),
(361, 361, 27, 99, 'Maintien', 'Fruits à coque', 'Aucune préférence'),
(362, 362, 20, 73.4, 'Maintien', 'Gluten', 'Halal'),
(363, 363, 21, 82.8, 'Maintien', 'Gluten', 'Aucune préférence'),
(364, 364, 49, 91.1, 'Maintien', 'Fruits à coque', 'Halal'),
(365, 365, 54, 69, 'Perte de poids', 'Lactose', 'Halal'),
(366, 366, 34, 88.9, 'Prise de muscle', 'Fruits à coque', 'Végétarien'),
(367, 367, 49, 69.7, 'Prise de muscle', 'Gluten', 'Végétarien'),
(368, 368, 42, 54.2, 'Perte de poids', 'Aucune', 'Végétarien'),
(369, 369, 63, 64.1, 'Maintien', 'Aucune', 'Aucune préférence'),
(370, 370, 59, 76.2, 'Perte de poids', 'Aucune', 'Aucune préférence'),
(371, 371, 55, 88.8, 'Maintien', 'Gluten', 'Végétarien'),
(372, 372, 44, 84.7, 'Perte de poids', 'Fruits à coque', 'Végétarien'),
(373, 373, 25, 58.3, 'Perte de poids', 'Fruits à coque', 'Aucune préférence'),
(374, 374, 45, 74.3, 'Maintien', 'Fruits à coque', 'Végétarien'),
(375, 375, 25, 72.4, 'Prise de muscle', 'Fruits à coque', 'Aucune préférence'),
(376, 376, 33, 73.3, 'Prise de muscle', 'Lactose', 'Végan'),
(377, 377, 41, 55.1, 'Prise de muscle', 'Aucune', 'Aucune préférence'),
(378, 378, 49, 66.4, 'Maintien', 'Lactose', 'Aucune préférence'),
(379, 379, 26, 71.5, 'Prise de muscle', 'Gluten', 'Aucune préférence'),
(380, 380, 58, 69.9, 'Maintien', 'Aucune', 'Halal'),
(381, 381, 19, 66.9, 'Prise de muscle', 'Aucune', 'Aucune préférence'),
(382, 382, 52, 99, 'Prise de muscle', 'Aucune', 'Végan'),
(383, 383, 40, 86.6, 'Maintien', 'Fruits à coque', 'Végan'),
(384, 384, 52, 95.6, 'Maintien', 'Lactose', 'Végan'),
(385, 385, 60, 99.1, 'Maintien', 'Fruits à coque', 'Aucune préférence'),
(386, 386, 43, 51.9, 'Perte de poids', 'Aucune', 'Halal'),
(387, 387, 39, 63.9, 'Maintien', 'Fruits à coque', 'Végétarien'),
(388, 388, 23, 50.9, 'Maintien', 'Gluten', 'Végan'),
(389, 389, 27, 45.3, 'Prise de muscle', 'Gluten', 'Végan'),
(390, 390, 57, 73.2, 'Maintien', 'Lactose', 'Aucune préférence'),
(391, 391, 63, 47.8, 'Maintien', 'Gluten', 'Végétarien'),
(392, 392, 46, 59.1, 'Maintien', 'Gluten', 'Aucune préférence'),
(393, 393, 46, 58.6, 'Perte de poids', 'Lactose', 'Végan'),
(394, 394, 28, 77.7, 'Prise de muscle', 'Fruits à coque', 'Végétarien'),
(395, 395, 58, 66.1, 'Maintien', 'Gluten', 'Halal'),
(396, 396, 54, 60.7, 'Prise de muscle', 'Gluten', 'Aucune préférence'),
(397, 397, 25, 55.2, 'Perte de poids', 'Aucune', 'Végan'),
(398, 398, 63, 86.4, 'Prise de muscle', 'Gluten', 'Végan'),
(399, 399, 18, 62.8, 'Prise de muscle', 'Fruits à coque', 'Halal'),
(400, 400, 53, 85.7, 'Maintien', 'Lactose', 'Végétarien');

-- --------------------------------------------------------

--
-- Table structure for table `recette`
--

CREATE TABLE `recette` (
  `id_recette` int(11) NOT NULL,
  `nom_recette` varchar(100) DEFAULT NULL,
  `instructions` text DEFAULT NULL,
  `temps_preparation` int(11) DEFAULT NULL,
  `categorie` varchar(100) DEFAULT NULL,
  `image_url` text DEFAULT NULL,
  `commentaire` text DEFAULT NULL
) ENGINE=InnoDB DEFAULT CHARSET=utf8mb4 COLLATE=utf8mb4_general_ci;

--
-- Dumping data for table `recette`
--

INSERT INTO `recette` (`id_recette`, `nom_recette`, `instructions`, `temps_preparation`, `categorie`, `image_url`, `commentaire`) VALUES
(1, 'Less Store', 'Improve adult approach author hot middle.', 49, 'Aucune préférence', 'https://picsum.photos/298/154', 'Mind the church field force.'),
(2, 'Feel Appear', 'Whatever practice own receive purpose religious.', 34, 'Végan', 'https://placekitten.com/140/160', 'Data writer thousand.'),
(3, 'Very Opportunity', 'Physical well loss gun again.', 53, 'Halal', 'https://picsum.photos/293/34', 'With thousand still range.'),
(4, 'Will Main', 'Single leave about everyone student. He nearly religious admit.', 33, 'Végan', 'https://picsum.photos/969/955', 'Lot arrive director business.'),
(5, 'Specific When', 'Shake address administration even maintain scene.', 18, 'Aucune préférence', 'https://dummyimage.com/283x825', 'Team American oil major American.'),
(6, 'Key Must', 'Structure several seek especially.', 14, 'Végan', 'https://dummyimage.com/593x379', 'Traditional trial or.'),
(7, 'Term Focus', 'That age computer service. Peace something report important become health.', 58, 'Aucune préférence', 'https://picsum.photos/244/682', 'End during language simply.'),
(8, 'Require Soon', 'Will manager dream morning.', 8, 'Halal', 'https://picsum.photos/15/398', 'Six budget plan page onto second.'),
(9, 'Congress Across', 'President from west. Drive dog owner either sometimes.', 36, 'Aucune préférence', 'https://dummyimage.com/891x3', 'Table fight pretty senior else friend.'),
(10, 'Top Former', 'Few campaign color deep space. Work wait out thought also.', 42, 'Aucune préférence', 'https://picsum.photos/399/982', 'Whole whole class news decide trial.'),
(11, 'Something National', 'Throw rest voice feeling traditional girl.', 5, 'Halal', 'https://dummyimage.com/937x575', 'Doctor quickly rule.'),
(12, 'Money Without', 'Her finish single itself PM management tough authority.', 45, 'Halal', 'https://picsum.photos/132/101', 'Radio western want from determine.'),
(13, 'Attorney Wait', 'Under him main none particularly.', 24, 'Aucune préférence', 'https://dummyimage.com/134x177', 'General specific analysis whole would.'),
(14, 'Performance Bit', 'Section nation whatever.', 35, 'Végan', 'https://picsum.photos/934/705', 'Everybody kitchen grow action.'),
(15, 'Common Investment', 'Employee peace mother sister whose specific.', 42, 'Aucune préférence', 'https://placekitten.com/953/75', 'Information full full church only least still.'),
(16, 'Pressure Example', 'Whether war line movie likely store despite. Part pass write pattern minute.', 14, 'Végétarien', 'https://placekitten.com/462/181', 'According building individual.'),
(17, 'Rate View', 'Including message up care inside defense ground. Democrat red of candidate common relate accept.', 29, 'Aucune préférence', 'https://placekitten.com/338/482', 'International sing serve start.'),
(18, 'Yeah Foreign', 'Here herself head.', 11, 'Halal', 'https://dummyimage.com/253x886', 'Property worker thing low note student.'),
(19, 'Treat Wrong', 'Western interesting politics four west still risk. Not back culture few guess research.', 56, 'Aucune préférence', 'https://dummyimage.com/812x86', 'Watch member color.'),
(20, 'Majority Others', 'Parent instead accept wide rate three accept too. Sister maybe difference technology doctor effect.', 24, 'Aucune préférence', 'https://placekitten.com/915/857', 'Join training certainly to model.'),
(21, 'Final Wrong', 'According blood create night prepare.', 12, 'Aucune préférence', 'https://picsum.photos/96/870', 'Court find economic avoid organization none follow.'),
(22, 'Affect Kid', 'Expect yourself loss while station half yeah operation.', 13, 'Végétarien', 'https://picsum.photos/490/840', 'Enjoy understand main environmental image.'),
(23, 'Now Democrat', 'Represent because economy receive.', 25, 'Végétarien', 'https://dummyimage.com/256x645', 'Well cause assume raise well full shake.'),
(24, 'Decide The', 'Term memory company baby.', 30, 'Aucune préférence', 'https://picsum.photos/811/893', 'Tell sell environmental gas difference create break.'),
(25, 'Describe Strategy', 'Feel knowledge once money leader figure. Look base owner.', 59, 'Végétarien', 'https://dummyimage.com/166x171', 'House none green nearly only various.'),
(26, 'Education Everybody', 'Agree drug behind whatever main government me. Wear it left eye.', 30, 'Aucune préférence', 'https://placekitten.com/897/92', 'Professional soldier century color continue wife teach.'),
(27, 'End Science', 'Win finally three situation writer writer real. Leave let arm consumer bank phone.', 50, 'Halal', 'https://picsum.photos/421/738', 'After church situation.'),
(28, 'Something Defense', 'Green consider especially. Talk that later theory family hundred.', 60, 'Halal', 'https://placekitten.com/566/995', 'Risk finish suggest involve home true early.'),
(29, 'Control Investment', 'Build record let whatever certainly have above key. Government local maintain trade environmental fish.', 51, 'Halal', 'https://dummyimage.com/962x835', 'Have reflect past political.'),
(30, 'Crime Sign', 'Major citizen social full cut. Speech imagine practice sure painting.', 55, 'Végétarien', 'https://picsum.photos/561/223', 'Long sit ahead best determine or worry.'),
(31, 'Activity Start', 'Its ask individual book. While officer prevent short.', 26, 'Végétarien', 'https://placekitten.com/627/868', 'Discussion baby late everything culture view country.'),
(32, 'Require Fish', 'Stage party always us method.', 48, 'Halal', 'https://picsum.photos/146/855', 'Speech news fall four move likely sit woman.'),
(33, 'Also Work', 'Report have than Mr south but free however. Size worker born visit send night.', 5, 'Halal', 'https://dummyimage.com/67x888', 'Deal care need those.'),
(34, 'Who Situation', 'Possible impact woman machine personal while lawyer. Live during resource shoulder.', 56, 'Végan', 'https://picsum.photos/909/495', 'Maybe drug it happen effort.'),
(35, 'Exist Finally', 'Police leg place.', 19, 'Aucune préférence', 'https://placekitten.com/701/293', 'Might discover cause turn despite bed.'),
(36, 'To Price', 'Heavy lay just police see watch. Establish music into.', 38, 'Végétarien', 'https://placekitten.com/851/736', 'Fine reality exactly whom.'),
(37, 'Yet Between', 'Side red open anyone movie voice price line. High edge position together.', 35, 'Halal', 'https://placekitten.com/344/950', 'Collection of hard.'),
(38, 'Choice Law', 'Reveal describe brother citizen policy.', 6, 'Aucune préférence', 'https://placekitten.com/263/346', 'Receive large fish.'),
(39, 'Fact Something', 'Book same chair Mrs else stand.', 39, 'Aucune préférence', 'https://picsum.photos/502/873', 'Day later place my agree language.'),
(40, 'Also Drop', 'Character weight staff minute light tax society.', 35, 'Halal', 'https://picsum.photos/348/286', 'Prevent world enter live long dream lose.'),
(41, 'Significant Fund', 'Would dream different task.', 57, 'Végétarien', 'https://picsum.photos/918/215', 'Understand daughter or do provide.'),
(42, 'Usually May', 'Wind idea how son in. Wrong ok yes who miss rather.', 17, 'Aucune préférence', 'https://picsum.photos/637/479', 'Subject there brother nearly growth often newspaper.'),
(43, 'Cup Sure', 'From receive imagine father since. Everything inside national respond.', 40, 'Végan', 'https://placekitten.com/279/163', 'Main around safe Mr year.'),
(44, 'Town Of', 'Development voice million.', 47, 'Végétarien', 'https://placekitten.com/927/659', 'Threat stage family record star.'),
(45, 'Anyone Plan', 'Provide ten contain.', 18, 'Halal', 'https://placekitten.com/622/889', 'Professional free in why research enter chance against.'),
(46, 'Why Head', 'Professor near my deep. Current campaign shoulder court.', 39, 'Halal', 'https://dummyimage.com/89x775', 'Food clearly threat he.'),
(47, 'Practice Movie', 'Visit seven wrong risk difficult cut.', 45, 'Aucune préférence', 'https://dummyimage.com/134x947', 'Technology wife out book child hour huge.'),
(48, 'Every Us', 'East pick how left tend music fill right. Party direction another fly meet.', 42, 'Aucune préférence', 'https://picsum.photos/863/295', 'Together share budget.'),
(49, 'Notice Point', 'Back wait matter next when. Wide official remain follow health every full.', 34, 'Aucune préférence', 'https://dummyimage.com/651x1001', 'Laugh poor street possible.'),
(50, 'Big Recognize', 'Forget according put chance would part.', 39, 'Halal', 'https://picsum.photos/285/319', 'Medical arm Republican situation reason year money bit.'),
(51, 'Itself Peace', 'Gun position memory face. Score ten policy quite color throughout.', 20, 'Aucune préférence', 'https://placekitten.com/378/442', 'Threat piece avoid fast various their seem within.'),
(52, 'Interview Father', 'Mother single vote dog himself speak reality. How which effort pick box economy news later.', 47, 'Végétarien', 'https://picsum.photos/838/319', 'Allow board travel house fine general.'),
(53, 'Investment Not', 'Admit key painting opportunity American. Rise gas health quality store wide.', 52, 'Aucune préférence', 'https://placekitten.com/706/286', 'Marriage even institution follow account either.'),
(54, 'Board Kid', 'Free year cell fire. Kind true today professor.', 44, 'Halal', 'https://dummyimage.com/180x182', 'He wind onto instead.'),
(55, 'Individual Democrat', 'Across service with difference between gas summer.', 60, 'Aucune préférence', 'https://placekitten.com/429/848', 'Yard particular weight.'),
(56, 'Republican Line', 'Arrive task above recently career analysis. College company campaign magazine information need.', 33, 'Végan', 'https://placekitten.com/953/488', 'Receive choice leader well.'),
(57, 'Agree Network', 'Hour pretty issue company feel general yes wish. Test could consumer though identify development.', 42, 'Végan', 'https://placekitten.com/267/141', 'Speech wind face mouth image.'),
(58, 'Operation Education', 'Key town here tell call smile. Group community identify century.', 7, 'Halal', 'https://placekitten.com/997/115', 'And small part leg partner though develop.'),
(59, 'Model Note', 'Occur others important understand range back. Often institution never present.', 9, 'Halal', 'https://dummyimage.com/568x858', 'Wide able different minute recently.'),
(60, 'Since Pay', 'Picture live human see sell. Single four before.', 24, 'Aucune préférence', 'https://placekitten.com/475/600', 'Loss forward or.'),
(61, 'Nothing Sing', 'Hope simply music car. Evening fact according first.', 43, 'Halal', 'https://placekitten.com/892/792', 'Necessary on avoid especially claim.'),
(62, 'Dark Staff', 'Factor hold west forget ask.', 12, 'Aucune préférence', 'https://placekitten.com/356/402', 'Network project story us cup sing.'),
(63, 'Other Store', 'Level east among beyond your discuss. Far budget meet city break successful.', 22, 'Halal', 'https://dummyimage.com/774x580', 'Loss near entire summer community.'),
(64, 'Contain Easy', 'News phone order including head senior lay.', 28, 'Végan', 'https://placekitten.com/1002/805', 'Project part bed region.'),
(65, 'Cold Free', 'Down former fast environmental crime at. Power tree government figure.', 23, 'Halal', 'https://picsum.photos/125/939', 'Appear if shake their new.'),
(66, 'Article For', 'Thus prove station range rock seek.', 7, 'Halal', 'https://picsum.photos/353/183', 'There say company yes.'),
(67, 'Describe Hot', 'Add oil enjoy.', 57, 'Aucune préférence', 'https://placekitten.com/700/755', 'It high truth focus man approach billion.'),
(68, 'Record Plant', 'Treatment interest hour head across of north. Provide small anyone against team since common old.', 50, 'Végétarien', 'https://picsum.photos/978/348', 'Hospital federal very leave.'),
(69, 'Particular Measure', 'Form thus hundred simply. Cell day region identify author tree their.', 56, 'Végan', 'https://picsum.photos/595/847', 'Name chance easy peace.'),
(70, 'During Nice', 'Close once dog. Time build understand dinner natural learn.', 56, 'Végétarien', 'https://dummyimage.com/179x422', 'May understand hope risk control board across.'),
(71, 'Fine Practice', 'National spend step trip tonight dream why season. And outside raise option.', 13, 'Aucune préférence', 'https://placekitten.com/519/180', 'Film her common customer.'),
(72, 'Personal Born', 'Work growth deal whom. Full indeed car hear interview few box.', 57, 'Végan', 'https://dummyimage.com/694x115', 'Full pressure goal.'),
(73, 'Child Think', 'Interest right enough billion.', 47, 'Halal', 'https://placekitten.com/399/863', 'Realize officer lose eye believe treatment.'),
(74, 'Sign Store', 'Rock fire worry understand three record. Ahead design hospital decade sport campaign.', 46, 'Végétarien', 'https://picsum.photos/396/644', 'Raise budget upon.'),
(75, 'Born Foot', 'Town Mrs as provide section tend.', 27, 'Végétarien', 'https://dummyimage.com/174x711', 'Every two truth education among send quickly without.'),
(76, 'Role Try', 'Represent two loss time bar.', 20, 'Aucune préférence', 'https://picsum.photos/424/757', 'Responsibility source under cost election past.'),
(77, 'Only Want', 'Very above series. Maybe standard which.', 20, 'Halal', 'https://picsum.photos/688/813', 'Girl medical stock number.'),
(78, 'Own Manage', 'Significant data six cause it old fear. Open brother course wide.', 5, 'Aucune préférence', 'https://picsum.photos/674/769', 'Majority clear culture bag through when.'),
(79, 'Event Industry', 'Senior nothing born mind your official try. Power away see into sing us.', 41, 'Végétarien', 'https://placekitten.com/647/418', 'He much family opportunity human image book indeed.'),
(80, 'Forget Street', 'Military head field rock. Stuff as speech more.', 5, 'Végan', 'https://placekitten.com/1016/493', 'Camera rest hand effect tree detail certain.'),
(81, 'Fast Evening', 'Eight sound next have. Great despite simple open.', 31, 'Aucune préférence', 'https://picsum.photos/46/599', 'Bit manager family example professor out realize look.'),
(82, 'Evidence Stage', 'Student minute soldier game.', 54, 'Aucune préférence', 'https://dummyimage.com/992x1013', 'Away perform those region discussion.'),
(83, 'Executive Floor', 'Change enjoy later never someone mind. Reason lead material.', 40, 'Végétarien', 'https://dummyimage.com/925x1016', 'Meet run dark before.'),
(84, 'Beat Center', 'Type place heavy significant smile. Receive seek per stuff development trip.', 26, 'Végétarien', 'https://placekitten.com/282/458', 'Without citizen adult arrive floor list.'),
(85, 'Difference Difference', 'Opportunity through expect budget coach show. Short size party nor.', 31, 'Végan', 'https://dummyimage.com/607x67', 'Many itself local price themselves.'),
(86, 'Stuff Suggest', 'Wife that clear moment election Mr still investment.', 10, 'Halal', 'https://dummyimage.com/239x787', 'Allow people rest attorney total ask alone.'),
(87, 'Nothing Little', 'Technology rest behind myself. Issue live technology people each movement service.', 7, 'Végétarien', 'https://placekitten.com/802/616', 'Without exactly less.'),
(88, 'Mouth Throughout', 'Lay five article ask. True become will against rise and themselves.', 32, 'Halal', 'https://placekitten.com/89/339', 'Yeah century continue glass.'),
(89, 'Dinner Follow', 'We least improve PM. Single expert hundred evidence.', 57, 'Végan', 'https://dummyimage.com/919x247', 'Good less lead too spend and.'),
(90, 'Rich Material', 'Then difficult respond gas this woman tell.', 47, 'Aucune préférence', 'https://placekitten.com/308/343', 'Manage pass professor outside without.'),
(91, 'None Truth', 'Huge year stuff poor.', 59, 'Halal', 'https://dummyimage.com/257x726', 'Student situation garden put.'),
(92, 'Dinner Reach', 'Allow describe seven.', 21, 'Halal', 'https://dummyimage.com/917x223', 'Security own meet themselves.'),
(93, 'Benefit Everybody', 'Statement article push face.', 22, 'Halal', 'https://picsum.photos/748/137', 'Commercial project west.'),
(94, 'Vote Item', 'Mrs new car who true. Baby simple his continue get apply foreign.', 20, 'Halal', 'https://dummyimage.com/454x434', 'Summer put culture church future hair relationship network.'),
(95, 'Guy Nothing', 'Power beyond different enter factor.', 24, 'Aucune préférence', 'https://dummyimage.com/874x240', 'Fine push significant eight information however program.'),
(96, 'Picture Way', 'Some page business technology drive step.', 47, 'Végan', 'https://dummyimage.com/896x457', 'Officer example fine brother deep base modern.'),
(97, 'Long Crime', 'Occur own ahead either leader million show yeah.', 18, 'Aucune préférence', 'https://dummyimage.com/1003x630', 'Explain quite safe firm.'),
(98, 'Despite Improve', 'Always example cut dark. Service campaign nearly consider.', 19, 'Végan', 'https://picsum.photos/230/409', 'Coach including although success husband.'),
(99, 'Offer Fly', 'That affect evidence move continue time. After well sell go democratic story source.', 60, 'Végan', 'https://placekitten.com/34/743', 'How their various reach young team.'),
(100, 'Film Safe', 'Population decade research why second because term.', 12, 'Végan', 'https://picsum.photos/79/176', 'Itself charge term other fear style.');

-- --------------------------------------------------------

--
-- Table structure for table `recette_ingredients`
--

CREATE TABLE `recette_ingredients` (
  `id_recette` int(11) NOT NULL,
  `id_ingredient` int(11) NOT NULL,
  `quantite` float DEFAULT NULL
) ENGINE=InnoDB DEFAULT CHARSET=utf8mb4 COLLATE=utf8mb4_general_ci;

--
-- Dumping data for table `recette_ingredients`
--

INSERT INTO `recette_ingredients` (`id_recette`, `id_ingredient`, `quantite`) VALUES
(1, 1, 86.1),
(1, 237, 192.4),
(1, 266, 199.4),
(1, 297, 141.7),
(1, 369, 146.6),
(2, 8, 97.4),
(2, 76, 76.3),
(2, 242, 161.9),
(3, 49, 70.8),
(3, 235, 199.7),
(3, 387, 124.7),
(4, 79, 29.7),
(4, 92, 31.4),
(4, 139, 130.4),
(4, 378, 33.6),
(5, 64, 129.3),
(5, 177, 109.4),
(5, 236, 195.4),
(6, 73, 98.3),
(6, 185, 135.8),
(6, 207, 31.2),
(6, 268, 57.3),
(6, 269, 146.2),
(7, 243, 100.3),
(7, 281, 53.2),
(7, 293, 140.5),
(7, 307, 142.4),
(8, 42, 161.6),
(8, 217, 137),
(8, 309, 96.8),
(9, 31, 79.4),
(9, 243, 154.9),
(9, 254, 171.2),
(9, 320, 116.2),
(9, 416, 136.8),
(10, 99, 54.3),
(10, 146, 126.4),
(10, 222, 88.7),
(10, 260, 194.8),
(10, 299, 65.8),
(10, 323, 91),
(11, 89, 138.9),
(11, 120, 49.2),
(11, 123, 127.9),
(11, 236, 153.8),
(11, 237, 46.8),
(11, 349, 29.1),
(12, 34, 139),
(12, 91, 164.9),
(12, 185, 103.2),
(12, 208, 84.6),
(12, 281, 184.6),
(12, 419, 103.8),
(13, 269, 117.8),
(13, 278, 60.7),
(13, 374, 134.9),
(14, 140, 125.9),
(14, 149, 83.9),
(14, 272, 146.4),
(15, 5, 172.2),
(15, 195, 66.4),
(15, 325, 181.7),
(16, 41, 106.6),
(16, 65, 99.5),
(16, 156, 142.6),
(16, 192, 69.2),
(16, 275, 174.6),
(16, 279, 141.5),
(17, 145, 186.4),
(17, 156, 126.6),
(17, 333, 141.3),
(17, 417, 73.1),
(18, 48, 63.8),
(18, 53, 65.2),
(18, 69, 74),
(18, 204, 199),
(18, 320, 158.3),
(18, 403, 195),
(19, 26, 198.9),
(19, 160, 153.4),
(19, 248, 118.9),
(19, 250, 138.8),
(19, 347, 147.8),
(20, 48, 104.6),
(20, 112, 158.8),
(20, 120, 29.4),
(20, 165, 173.5),
(21, 5, 73.8),
(21, 189, 174.5),
(21, 211, 157.1),
(21, 299, 36.9),
(22, 21, 162.2),
(22, 176, 20.4),
(22, 288, 50.9),
(22, 420, 148.1),
(23, 195, 156.3),
(23, 215, 101.5),
(23, 217, 193.2),
(23, 324, 74.1),
(24, 72, 98),
(24, 198, 83.3),
(24, 350, 167.9),
(24, 412, 130.9),
(24, 419, 28.5),
(25, 106, 79.9),
(25, 168, 72.3),
(25, 269, 184.4),
(25, 332, 78.7),
(26, 63, 25.7),
(26, 236, 106.4),
(26, 293, 85.2),
(26, 366, 51.9),
(26, 380, 174.2),
(27, 22, 146.8),
(27, 48, 181.9),
(27, 58, 82.7),
(27, 87, 49.3),
(28, 42, 155.8),
(28, 87, 173.9),
(28, 246, 112.7),
(28, 277, 54.8),
(28, 320, 28.6),
(29, 3, 26.8),
(29, 70, 73.1),
(29, 323, 86.6),
(29, 381, 173.6),
(30, 86, 108.1),
(30, 127, 119.2),
(30, 195, 36),
(30, 241, 176.6),
(30, 256, 198.4),
(30, 272, 141.6),
(31, 64, 24.9),
(31, 172, 173),
(31, 199, 44.8),
(31, 279, 44.1),
(31, 347, 153),
(32, 22, 168.3),
(32, 347, 140.2),
(32, 405, 66.6),
(33, 136, 197.3),
(33, 167, 54.2),
(33, 386, 167.5),
(34, 145, 98.5),
(34, 260, 112.8),
(34, 319, 155.8),
(34, 356, 103.2),
(35, 140, 155.5),
(35, 182, 90.9),
(35, 273, 144.4),
(35, 305, 106.9),
(36, 231, 100.2),
(36, 261, 34.2),
(36, 275, 142.8),
(36, 420, 88.8),
(37, 43, 102.4),
(37, 103, 34.6),
(37, 209, 101.5),
(37, 297, 150.7),
(37, 343, 182.2),
(37, 345, 124),
(38, 100, 47.9),
(38, 212, 111.6),
(38, 218, 72.9),
(39, 33, 35.2),
(39, 89, 194.6),
(39, 93, 93.7),
(39, 178, 195.2),
(39, 247, 139.1),
(39, 416, 75.8),
(40, 17, 110),
(40, 135, 39.1),
(40, 237, 186),
(40, 336, 145),
(40, 342, 129.5),
(41, 24, 133.8),
(41, 69, 144.2),
(41, 154, 64.8),
(41, 166, 142.6),
(41, 305, 154.1),
(42, 28, 198.5),
(42, 30, 91.4),
(42, 65, 50.3),
(42, 365, 90.7),
(42, 404, 36.7),
(43, 212, 195.1),
(43, 280, 93.1),
(43, 310, 57.5),
(44, 26, 197.3),
(44, 42, 46.2),
(44, 58, 175.6),
(44, 156, 42.4),
(44, 205, 60.7),
(44, 259, 189.2),
(45, 154, 44.4),
(45, 156, 195.2),
(45, 338, 91.4),
(45, 383, 43),
(46, 107, 66.2),
(46, 139, 104.1),
(46, 304, 82.2),
(47, 5, 129.8),
(47, 35, 140.8),
(47, 95, 97.3),
(47, 115, 161.5),
(48, 67, 30.6),
(48, 140, 70.8),
(48, 154, 29.1),
(48, 155, 197.3),
(48, 216, 126.4),
(48, 224, 63.8),
(49, 5, 162.4),
(49, 117, 144),
(49, 131, 173.7),
(49, 281, 124.6),
(49, 316, 63.8),
(49, 345, 167.6),
(50, 25, 164.8),
(50, 106, 121.1),
(50, 163, 159.4),
(50, 327, 53.8),
(51, 143, 64.2),
(51, 164, 154.3),
(51, 332, 39.4),
(51, 361, 23.5),
(52, 17, 88.8),
(52, 21, 193.8),
(52, 275, 136),
(53, 248, 60.8),
(53, 266, 151.3),
(53, 305, 106.2),
(54, 118, 86.7),
(54, 147, 56.3),
(54, 203, 94.4),
(55, 3, 113.8),
(55, 14, 175.5),
(55, 92, 180.6),
(56, 67, 185.4),
(56, 104, 140.7),
(56, 147, 30.1),
(56, 231, 62.2),
(56, 236, 39),
(57, 85, 153.7),
(57, 146, 116.1),
(57, 199, 141.6),
(57, 327, 36.5),
(57, 373, 174.6),
(57, 378, 94.2),
(58, 58, 150),
(58, 70, 152.8),
(58, 270, 67.2),
(58, 369, 56.3),
(59, 9, 148.7),
(59, 110, 193.5),
(59, 257, 188.1),
(60, 80, 120.6),
(60, 248, 30.4),
(60, 397, 69.3),
(61, 60, 134.8),
(61, 219, 88.2),
(61, 268, 75.6),
(62, 2, 23.3),
(62, 76, 85.1),
(62, 166, 131.9),
(62, 168, 72.8),
(62, 227, 192.6),
(63, 63, 151),
(63, 66, 116.2),
(63, 248, 193.2),
(63, 323, 197.1),
(63, 361, 114.7),
(63, 383, 122.6),
(64, 86, 60.4),
(64, 130, 129.4),
(64, 186, 197.9),
(64, 293, 112.4),
(65, 122, 35.5),
(65, 135, 37.3),
(65, 309, 103.6),
(65, 338, 127.4),
(66, 158, 125),
(66, 235, 41.8),
(66, 263, 146.2),
(67, 37, 26.6),
(67, 73, 36.4),
(67, 93, 162.2),
(67, 144, 51.1),
(67, 201, 115.5),
(68, 53, 55.7),
(68, 99, 147.9),
(68, 128, 28.7),
(68, 180, 139.5),
(68, 223, 172.3),
(68, 274, 86.3),
(69, 247, 197.9),
(69, 276, 81.1),
(69, 335, 55.1),
(69, 347, 108.5),
(69, 352, 110.2),
(70, 25, 121),
(70, 170, 53.6),
(70, 177, 113.3),
(70, 375, 199.7),
(71, 112, 170.3),
(71, 133, 167.1),
(71, 241, 123),
(71, 350, 60),
(71, 366, 101),
(71, 373, 101.6),
(72, 32, 193.8),
(72, 71, 33.7),
(72, 142, 178.1),
(72, 196, 28.2),
(72, 344, 34.8),
(72, 416, 115.6),
(73, 44, 156.6),
(73, 52, 127.4),
(73, 57, 115.1),
(73, 181, 55.8),
(73, 216, 117.8),
(73, 352, 112.5),
(74, 144, 146.9),
(74, 148, 156.6),
(74, 340, 188.9),
(75, 105, 113.2),
(75, 194, 88.9),
(75, 325, 92.8),
(75, 395, 156.2),
(76, 77, 74.8),
(76, 153, 141.6),
(76, 385, 89.4),
(77, 48, 90.6),
(77, 265, 33.4),
(77, 388, 138),
(77, 392, 138.9),
(78, 2, 143.2),
(78, 184, 147.2),
(78, 239, 20.1),
(78, 245, 168.6),
(79, 79, 161.7),
(79, 186, 50.1),
(79, 242, 34.7),
(79, 246, 39.7),
(79, 338, 120),
(79, 374, 130.4),
(80, 7, 116.8),
(80, 154, 25),
(80, 263, 159.9),
(80, 283, 55.8),
(80, 398, 169.3),
(81, 257, 111.5),
(81, 264, 105.2),
(81, 297, 80.7),
(81, 409, 175),
(82, 43, 106.9),
(82, 47, 130),
(82, 377, 39.6),
(82, 392, 44.5),
(83, 49, 179.2),
(83, 179, 133.7),
(83, 316, 182.9),
(83, 349, 171.1),
(83, 369, 127.4),
(84, 271, 54.1),
(84, 305, 106.1),
(84, 314, 185.2),
(85, 11, 142.5),
(85, 16, 99.9),
(85, 79, 138.9),
(85, 168, 39),
(86, 146, 130.5),
(86, 213, 40.8),
(86, 248, 105.1),
(86, 307, 141.5),
(87, 41, 178.3),
(87, 187, 125.9),
(87, 298, 101),
(87, 306, 98.9),
(87, 353, 26.6),
(88, 14, 187.5),
(88, 86, 103.7),
(88, 189, 51.7),
(88, 250, 186.3),
(89, 135, 142.8),
(89, 193, 190.6),
(89, 371, 97.7),
(90, 28, 160.7),
(90, 99, 146.3),
(90, 215, 110.3),
(90, 232, 156.9),
(90, 254, 147.9),
(90, 320, 68.5),
(91, 20, 147.4),
(91, 70, 143.1),
(91, 156, 121.6),
(91, 386, 67.5),
(92, 76, 198.7),
(92, 110, 159.7),
(92, 155, 34.3),
(92, 216, 126.6),
(92, 271, 114.7),
(92, 311, 110.5),
(93, 49, 39.4),
(93, 71, 64.7),
(93, 118, 38.9),
(93, 288, 161.2),
(93, 325, 108.1),
(94, 142, 99),
(94, 197, 30.5),
(94, 229, 122.3),
(94, 303, 86.8),
(94, 386, 143.7),
(94, 410, 143.9),
(95, 80, 136),
(95, 97, 64.2),
(95, 211, 154.2),
(95, 270, 120.5),
(96, 90, 41.2),
(96, 292, 193),
(96, 324, 132.3),
(96, 350, 139.1),
(96, 417, 71.6),
(97, 43, 77.7),
(97, 89, 93.5),
(97, 151, 26.8),
(97, 330, 143.8),
(97, 404, 63.1),
(97, 415, 137.7),
(98, 130, 26.5),
(98, 177, 188.2),
(98, 282, 176.4),
(99, 89, 102.4),
(99, 108, 63.7),
(99, 191, 193),
(99, 365, 60.7),
(99, 415, 20.4),
(100, 9, 67),
(100, 36, 57.1),
(100, 50, 107.4),
(100, 51, 77.3);

-- --------------------------------------------------------

--
-- Table structure for table `repas`
--

CREATE TABLE `repas` (
  `id_repas` int(11) NOT NULL,
  `id_plan` int(11) DEFAULT NULL,
  `jour` date DEFAULT NULL,
  `type_repas` varchar(50) DEFAULT NULL,
  `id_recette` int(11) DEFAULT NULL
) ENGINE=InnoDB DEFAULT CHARSET=utf8mb4 COLLATE=utf8mb4_general_ci;

--
-- Dumping data for table `repas`
--

INSERT INTO `repas` (`id_repas`, `id_plan`, `jour`, `type_repas`, `id_recette`) VALUES
(1, 17, '2025-04-05', 'Snack', 44),
(2, 14, '2025-04-04', 'Déjeuner', 28),
(3, 10, '2025-04-01', 'Snack', 24),
(4, 34, '2025-04-11', 'Dîner', 72),
(5, 20, '2025-05-13', 'Petit-déjeuner', 12),
(6, 65, '2025-05-01', 'Petit-déjeuner', 96),
(7, 50, '2025-05-15', 'Dîner', 81),
(8, 84, '2025-05-15', 'Snack', 79),
(9, 63, '2025-04-11', 'Petit-déjeuner', 57),
(10, 12, '2025-04-27', 'Petit-déjeuner', 25),
(11, 1, '2025-03-25', 'Petit-déjeuner', 79),
(12, 34, '2025-04-30', 'Snack', 83),
(13, 60, '2025-04-04', 'Déjeuner', 90),
(14, 95, '2025-05-03', 'Déjeuner', 13),
(15, 1, '2025-03-23', 'Déjeuner', 39),
(16, 22, '2025-03-28', 'Snack', 21),
(17, 78, '2025-04-06', 'Dîner', 31),
(18, 45, '2025-04-22', 'Déjeuner', 75),
(19, 44, '2025-03-29', 'Dîner', 68),
(20, 99, '2025-04-09', 'Petit-déjeuner', 77),
(21, 85, '2025-05-04', 'Dîner', 38),
(22, 2, '2025-03-28', 'Déjeuner', 28),
(23, 63, '2025-04-13', 'Déjeuner', 60),
(24, 64, '2025-03-31', 'Snack', 3),
(25, 57, '2025-03-30', 'Snack', 65),
(26, 33, '2025-03-21', 'Dîner', 3),
(27, 50, '2025-04-10', 'Dîner', 46),
(28, 60, '2025-05-11', 'Dîner', 42),
(29, 69, '2025-04-10', 'Déjeuner', 39),
(30, 9, '2025-05-06', 'Déjeuner', 6),
(31, 55, '2025-04-16', 'Déjeuner', 81),
(32, 18, '2025-04-03', 'Snack', 62),
(33, 67, '2025-04-20', 'Snack', 73),
(34, 93, '2025-04-08', 'Petit-déjeuner', 71),
(35, 84, '2025-04-23', 'Déjeuner', 6),
(36, 39, '2025-03-27', 'Snack', 14),
(37, 53, '2025-04-06', 'Dîner', 86),
(38, 26, '2025-05-06', 'Snack', 52),
(39, 70, '2025-05-11', 'Petit-déjeuner', 45),
(40, 69, '2025-04-29', 'Déjeuner', 94),
(41, 74, '2025-04-25', 'Petit-déjeuner', 53),
(42, 54, '2025-04-07', 'Snack', 26),
(43, 9, '2025-05-12', 'Petit-déjeuner', 68),
(44, 8, '2025-04-14', 'Déjeuner', 69),
(45, 75, '2025-04-23', 'Petit-déjeuner', 54),
(46, 58, '2025-03-21', 'Dîner', 92),
(47, 47, '2025-04-27', 'Déjeuner', 69),
(48, 74, '2025-03-22', 'Snack', 34),
(49, 24, '2025-05-11', 'Dîner', 6),
(50, 16, '2025-03-31', 'Déjeuner', 34),
(51, 61, '2025-04-29', 'Dîner', 93),
(52, 17, '2025-03-19', 'Déjeuner', 34),
(53, 68, '2025-04-13', 'Déjeuner', 93),
(54, 49, '2025-04-01', 'Petit-déjeuner', 27),
(55, 41, '2025-03-24', 'Petit-déjeuner', 1),
(56, 100, '2025-05-03', 'Snack', 83),
(57, 39, '2025-04-15', 'Déjeuner', 38),
(58, 9, '2025-04-26', 'Dîner', 7),
(59, 8, '2025-05-04', 'Dîner', 39),
(60, 20, '2025-04-17', 'Déjeuner', 19),
(61, 51, '2025-05-15', 'Dîner', 8),
(62, 75, '2025-03-25', 'Dîner', 77),
(63, 77, '2025-04-20', 'Déjeuner', 72),
(64, 45, '2025-04-30', 'Dîner', 78),
(65, 20, '2025-05-05', 'Petit-déjeuner', 1),
(66, 1, '2025-03-20', 'Dîner', 32),
(67, 34, '2025-05-07', 'Snack', 69),
(68, 21, '2025-04-05', 'Snack', 6),
(69, 38, '2025-05-15', 'Snack', 39),
(70, 96, '2025-04-09', 'Déjeuner', 20),
(71, 68, '2025-04-11', 'Déjeuner', 35),
(72, 20, '2025-04-18', 'Déjeuner', 4),
(73, 90, '2025-04-17', 'Snack', 86),
(74, 78, '2025-03-24', 'Déjeuner', 20),
(75, 55, '2025-04-07', 'Snack', 23),
(76, 37, '2025-04-20', 'Déjeuner', 64),
(77, 99, '2025-04-08', 'Dîner', 30),
(78, 55, '2025-03-25', 'Petit-déjeuner', 49),
(79, 93, '2025-03-25', 'Petit-déjeuner', 86),
(80, 94, '2025-03-31', 'Petit-déjeuner', 88),
(81, 75, '2025-04-28', 'Petit-déjeuner', 44),
(82, 87, '2025-03-28', 'Petit-déjeuner', 22),
(83, 4, '2025-04-18', 'Déjeuner', 8),
(84, 31, '2025-04-09', 'Snack', 37),
(85, 47, '2025-04-28', 'Petit-déjeuner', 15),
(86, 20, '2025-04-29', 'Déjeuner', 37),
(87, 75, '2025-05-01', 'Petit-déjeuner', 95),
(88, 40, '2025-04-14', 'Déjeuner', 47),
(89, 8, '2025-03-30', 'Snack', 80),
(90, 26, '2025-05-09', 'Dîner', 24),
(91, 49, '2025-04-20', 'Petit-déjeuner', 6),
(92, 9, '2025-04-30', 'Petit-déjeuner', 1),
(93, 31, '2025-05-06', 'Petit-déjeuner', 89),
(94, 82, '2025-05-05', 'Snack', 60),
(95, 91, '2025-05-10', 'Déjeuner', 94),
(96, 51, '2025-05-06', 'Dîner', 38),
(97, 64, '2025-03-31', 'Dîner', 84),
(98, 74, '2025-05-05', 'Snack', 94),
(99, 56, '2025-05-04', 'Snack', 92),
(100, 14, '2025-04-22', 'Snack', 14),
(101, 8, '2025-04-25', 'Dîner', 18),
(102, 84, '2025-03-20', 'Dîner', 97),
(103, 79, '2025-04-04', 'Dîner', 51),
(104, 6, '2025-05-10', 'Dîner', 30),
(105, 57, '2025-04-06', 'Dîner', 32),
(106, 74, '2025-04-01', 'Snack', 56),
(107, 45, '2025-04-03', 'Petit-déjeuner', 53),
(108, 81, '2025-04-26', 'Déjeuner', 60),
(109, 61, '2025-04-18', 'Dîner', 14),
(110, 81, '2025-03-31', 'Snack', 35),
(111, 45, '2025-04-23', 'Déjeuner', 37),
(112, 82, '2025-05-05', 'Déjeuner', 56),
(113, 68, '2025-03-20', 'Déjeuner', 90),
(114, 7, '2025-04-25', 'Petit-déjeuner', 25),
(115, 51, '2025-04-22', 'Déjeuner', 57),
(116, 13, '2025-03-28', 'Petit-déjeuner', 78),
(117, 45, '2025-05-01', 'Petit-déjeuner', 8),
(118, 31, '2025-05-05', 'Snack', 22),
(119, 99, '2025-03-25', 'Déjeuner', 55),
(120, 38, '2025-05-04', 'Snack', 7),
(121, 76, '2025-03-30', 'Snack', 22),
(122, 42, '2025-04-04', 'Petit-déjeuner', 21),
(123, 12, '2025-04-02', 'Dîner', 16),
(124, 92, '2025-05-11', 'Petit-déjeuner', 65),
(125, 12, '2025-04-07', 'Snack', 28),
(126, 68, '2025-05-14', 'Déjeuner', 26),
(127, 74, '2025-04-15', 'Snack', 95),
(128, 66, '2025-04-16', 'Déjeuner', 94),
(129, 80, '2025-03-29', 'Déjeuner', 11),
(130, 46, '2025-04-28', 'Dîner', 14),
(131, 19, '2025-04-15', 'Petit-déjeuner', 86),
(132, 11, '2025-03-18', 'Snack', 61),
(133, 65, '2025-05-02', 'Dîner', 84),
(134, 79, '2025-04-07', 'Snack', 36),
(135, 39, '2025-05-14', 'Déjeuner', 65),
(136, 48, '2025-04-16', 'Déjeuner', 48),
(137, 37, '2025-04-09', 'Déjeuner', 77),
(138, 42, '2025-04-10', 'Snack', 99),
(139, 80, '2025-04-03', 'Déjeuner', 4),
(140, 68, '2025-04-10', 'Petit-déjeuner', 51),
(141, 9, '2025-04-19', 'Petit-déjeuner', 70),
(142, 100, '2025-04-27', 'Snack', 96),
(143, 39, '2025-04-14', 'Dîner', 18),
(144, 63, '2025-04-03', 'Dîner', 32),
(145, 82, '2025-04-16', 'Petit-déjeuner', 62),
(146, 98, '2025-04-25', 'Petit-déjeuner', 54),
(147, 68, '2025-03-24', 'Snack', 3),
(148, 30, '2025-04-26', 'Snack', 64),
(149, 88, '2025-04-27', 'Dîner', 72),
(150, 24, '2025-04-04', 'Déjeuner', 49),
(151, 83, '2025-05-02', 'Snack', 62),
(152, 56, '2025-04-21', 'Déjeuner', 20),
(153, 73, '2025-05-04', 'Petit-déjeuner', 51),
(154, 29, '2025-03-23', 'Petit-déjeuner', 48),
(155, 74, '2025-04-01', 'Petit-déjeuner', 17),
(156, 4, '2025-03-28', 'Snack', 34),
(157, 75, '2025-04-08', 'Dîner', 90),
(158, 34, '2025-03-20', 'Snack', 3),
(159, 42, '2025-05-09', 'Dîner', 68),
(160, 87, '2025-04-16', 'Petit-déjeuner', 99),
(161, 17, '2025-04-14', 'Dîner', 11),
(162, 84, '2025-05-14', 'Dîner', 95),
(163, 38, '2025-04-24', 'Dîner', 33),
(164, 41, '2025-04-23', 'Petit-déjeuner', 76),
(165, 4, '2025-04-10', 'Petit-déjeuner', 76),
(166, 61, '2025-04-12', 'Snack', 42),
(167, 90, '2025-04-27', 'Petit-déjeuner', 92),
(168, 51, '2025-05-14', 'Petit-déjeuner', 50),
(169, 95, '2025-04-09', 'Snack', 51),
(170, 7, '2025-04-23', 'Dîner', 11),
(171, 34, '2025-04-08', 'Dîner', 53),
(172, 96, '2025-04-27', 'Déjeuner', 32),
(173, 34, '2025-03-27', 'Snack', 93),
(174, 99, '2025-04-14', 'Petit-déjeuner', 68),
(175, 42, '2025-03-24', 'Petit-déjeuner', 91),
(176, 51, '2025-04-18', 'Petit-déjeuner', 1),
(177, 36, '2025-03-18', 'Snack', 45),
(178, 15, '2025-03-19', 'Petit-déjeuner', 4),
(179, 44, '2025-03-19', 'Dîner', 39),
(180, 60, '2025-04-24', 'Dîner', 88),
(181, 10, '2025-04-18', 'Petit-déjeuner', 13),
(182, 86, '2025-03-31', 'Petit-déjeuner', 5),
(183, 53, '2025-04-24', 'Dîner', 69),
(184, 8, '2025-04-15', 'Snack', 83),
(185, 83, '2025-04-20', 'Déjeuner', 94),
(186, 14, '2025-04-06', 'Petit-déjeuner', 83),
(187, 100, '2025-04-28', 'Dîner', 1),
(188, 44, '2025-03-28', 'Snack', 68),
(189, 6, '2025-04-03', 'Snack', 33),
(190, 72, '2025-03-25', 'Petit-déjeuner', 2),
(191, 29, '2025-05-07', 'Dîner', 86),
(192, 12, '2025-05-14', 'Déjeuner', 21),
(193, 44, '2025-03-21', 'Snack', 95),
(194, 41, '2025-05-11', 'Petit-déjeuner', 23),
(195, 81, '2025-03-18', 'Petit-déjeuner', 10),
(196, 59, '2025-04-30', 'Snack', 82),
(197, 38, '2025-04-12', 'Petit-déjeuner', 56),
(198, 24, '2025-05-02', 'Snack', 89),
(199, 53, '2025-04-06', 'Déjeuner', 4),
(200, 80, '2025-04-04', 'Petit-déjeuner', 4);

-- --------------------------------------------------------

--
-- Table structure for table `utilisateur`
--

CREATE TABLE `utilisateur` (
  `id_utilisateur` int(11) NOT NULL,
  `nom` varchar(100) DEFAULT NULL,
  `email` varchar(100) DEFAULT NULL,
  `mot_de_passe` varchar(255) DEFAULT NULL,
  `date_inscription` datetime DEFAULT current_timestamp()
) ENGINE=InnoDB DEFAULT CHARSET=utf8mb4 COLLATE=utf8mb4_general_ci;

--
-- Dumping data for table `utilisateur`
--

INSERT INTO `utilisateur` (`id_utilisateur`, `nom`, `email`, `mot_de_passe`, `date_inscription`) VALUES
(1, 'Mary Reed', 'stephenwilson@example.net', 'XfDCXl&s&e6X', '2023-09-10 14:01:35'),
(2, 'Frederick Brooks', 'douglas54@example.com', '&a6b2OAgEZBm', '2024-03-30 05:30:35'),
(3, 'Angela White', 'colerichard@example.com', '8mGq04i@&@iM', '2021-10-21 02:51:42'),
(4, 'Zachary Torres', 'christophercraig@example.org', '_z8LcWhx@3tO', '2023-07-25 10:41:22'),
(5, 'Tanya Freeman', 'zimmermanbrandon@example.net', '5281XcvQ)8zV', '2022-09-10 23:25:41'),
(6, 'Jerome Alvarez', 'kellerrachel@example.com', '_8C%a!zhmq)c', '2020-01-30 17:00:32'),
(7, 'Jennifer Patterson', 'antoniotorres@example.org', '@@6BE*li%2(L', '2022-10-05 13:10:52'),
(8, 'Tracy Alexander', 'wturner@example.com', '*6G2dggr*oyP', '2020-11-30 17:39:17'),
(9, 'Dylan Garrett', 'nward@example.net', 't+36ML2mv(Cl', '2021-09-28 01:01:22'),
(10, 'Dana Palmer', 'jennifer51@example.com', '4iKII%sq@24U', '2022-05-19 09:56:05'),
(11, 'Joshua Bowman', 'gail33@example.org', '(tf8efMjnzqS', '2023-02-26 20:40:37'),
(12, 'Angel Richardson', 'crystalharding@example.net', 'Vo$x_VYs4kj0', '2021-01-15 05:28:29'),
(13, 'Roger Stewart', 'robertscheryl@example.com', '6(72hCao_hZx', '2025-01-01 02:08:29'),
(14, 'Christopher Anderson', 'michaeljacobs@example.com', 'Bu0Oje8ulf%)', '2020-06-19 00:10:03'),
(15, 'Samantha Rogers', 'stevenrichardson@example.net', ')2OsIWzkrO7d', '2025-03-20 19:33:08'),
(16, 'Logan Walker', 'zjenkins@example.org', 'PV2duB354RV*', '2023-02-12 02:09:58'),
(17, 'David Butler', 'ryanbeck@example.net', '#l_Ieo0t93m(', '2022-07-14 11:29:00'),
(18, 'Kenneth Ross', 'simsshari@example.com', '(^TewlW42qx&', '2024-03-02 14:14:19'),
(19, 'Elizabeth Black', 'russell65@example.org', ')qe6$Vg(tsy3', '2021-09-13 20:49:45'),
(20, 'Shawn Sandoval', 'robertluna@example.net', 'Iav1DDHdH_J!', '2024-06-25 17:06:55'),
(21, 'Jessica Craig', 'sarahmorris@example.com', '@zWxL^8sen0s', '2021-06-29 22:57:26'),
(22, 'James Weeks', 'icollins@example.com', '8z#sDPr!c&7V', '2020-01-24 10:59:18'),
(23, 'Carla Delgado', 'zhunt@example.com', '(^WAHwY@Nz1B', '2020-03-05 15:16:34'),
(24, 'David Harper', 'webbkatie@example.net', 'AI+0cXqX%x*3', '2021-06-21 23:40:13'),
(25, 'Jordan White', 'xrobertson@example.org', '4igyPFfS!Xpf', '2021-09-29 14:34:00'),
(26, 'Ashley Black', 'xpetty@example.org', '*sF5$Xhz8CJy', '2021-03-16 23:25:06'),
(27, 'Stephen Rosales', 'johnsonjennifer@example.org', '+SSfPZ_e*@V7', '2023-09-07 02:23:42'),
(28, 'Thomas Shaw', 'jonesshannon@example.net', '#v$TQuhyg9Jk', '2024-04-20 23:42:58'),
(29, 'Kevin Coleman', 'bankspaul@example.org', '3wWXm*^$_O^#', '2021-01-08 08:31:36'),
(30, 'Ashley Smith', 'hunterfrancisco@example.org', '3_+5UDh4AD_V', '2025-03-22 07:25:17'),
(31, 'Melissa Cordova', 'phillip72@example.net', '+1VCytQBTKMx', '2024-03-28 07:40:54'),
(32, 'John Fowler', 'jason39@example.org', '#mjoFPPn6O!4', '2021-01-14 03:33:10'),
(33, 'Nathan Turner', 'evansmark@example.net', '+4rVgkJICcw(', '2021-10-30 10:57:46'),
(34, 'David Phillips', 'kimsmith@example.net', '+xWUeocM(8Bz', '2023-10-28 22:09:33'),
(35, 'Kathy Ford', 'rebecca55@example.org', '0v7KWclf4^(S', '2022-02-17 18:56:30'),
(36, 'Elizabeth Hughes', 'kimberly20@example.com', '^p15+Gud005I', '2023-05-05 02:14:43'),
(37, 'Mr. Travis Jones', 'hubbarddavid@example.com', 'I2^kSpyK8UOX', '2024-08-05 11:36:03'),
(38, 'Jasmine Brown', 'carl44@example.net', 'wUAUa2Vw*6vH', '2022-04-08 17:45:45'),
(39, 'Megan Saunders', 'patrickmathews@example.com', '83Vkt9rD$Uc_', '2023-11-17 01:50:21'),
(40, 'Cassandra Jimenez', 'zimmermanalex@example.org', '(wyOZk(Gc2F1', '2023-07-03 18:06:09'),
(41, 'Donna Williamson', 'palmercameron@example.com', '&+3V@xgwbN9F', '2022-10-04 17:23:55'),
(42, 'Austin Watkins', 'amberrose@example.com', 'N49IJL_yqxA#', '2022-07-30 20:40:16'),
(43, 'Mrs. Amy Holloway', 'lenglish@example.com', 'W7kNl6eV&Ou&', '2021-01-20 10:40:23'),
(44, 'Christopher Martinez', 'leethompson@example.net', '0wGMURKp4)2Y', '2022-11-11 21:10:56'),
(45, 'Michelle Elliott', 'xlawrence@example.org', 'l@J)0eSs+E9E', '2025-03-13 15:24:31'),
(46, 'Christina Duran', 'madison58@example.net', '#&8Ly%Mf)CCj', '2024-09-05 17:45:14'),
(47, 'Crystal Pollard', 'edwardsdanielle@example.com', '4k(jtCCpEog8', '2023-04-20 21:05:14'),
(48, 'Anthony Stokes', 'xdixon@example.org', '!cEPHy#a$9VW', '2021-06-12 08:20:48'),
(49, 'Eric Taylor', 'lutzmanuel@example.org', '08_Cj)Kv6XL+', '2023-10-08 14:36:42'),
(50, 'Caleb Church', 'nicholsjennifer@example.net', '49C!AnWz!H2B', '2023-08-12 04:36:12'),
(51, 'Sarah Carter', 'jonesbrittany@example.com', 'u)rCFZAkte2%', '2023-02-11 03:01:03'),
(52, 'Steven Brady', 'benjamin49@example.org', '0w8NNi1In%B&', '2022-02-27 20:24:55'),
(53, 'Dalton Avery', 'uharmon@example.org', '%VfVxC!nY9cN', '2023-04-07 22:04:39'),
(54, 'Richard Whitehead', 'evansdavid@example.org', 'R$q$!Nz(^9Ik', '2020-06-01 06:35:16'),
(55, 'Cindy Smith', 'howardshawn@example.org', '_J0YM6luh1Vp', '2024-06-08 10:12:02'),
(56, 'Ryan Proctor', 'blankenshiptravis@example.com', '^4&zSCY7asNN', '2020-12-04 09:42:13'),
(57, 'Whitney Davis', 'annelane@example.org', 'iWLM67SfSd!*', '2021-11-18 07:04:19'),
(58, 'Tami Pollard', 'youngalexa@example.net', '*O)wmklgH2N3', '2020-06-12 18:42:31'),
(59, 'Sophia Ortiz', 'oscarguerrero@example.org', '&OLxEA2OO8Io', '2023-02-21 11:17:32'),
(60, 'Michael Villa', 'kenneth44@example.org', '@M(7UApol0C_', '2022-08-07 20:56:21'),
(61, 'Megan Flores', 'jenniferjohnson@example.org', 'BP*ctU2nsRX4', '2022-06-25 16:57:07'),
(62, 'Nicholas Wheeler', 'michael85@example.net', 'b&by6)FtCiK6', '2022-01-23 13:21:37'),
(63, 'Grant Gibson', 'porterdiana@example.org', 'b43VWzjf!31M', '2024-12-14 12:34:05'),
(64, 'Tara Butler', 'karenbailey@example.org', '+Eu(7MpauJJv', '2022-07-26 00:54:21'),
(65, 'April Thomas', 'lluna@example.org', '98FU!iGk&bvv', '2023-07-16 20:43:14'),
(66, 'Nicole Hancock', 'elizabethdiaz@example.net', 'nwS15oHkIfz+', '2020-08-29 15:51:05'),
(67, 'Lee Mathis', 'danielcastro@example.org', 'Kmu7oUor@TLw', '2023-09-08 12:10:25'),
(68, 'Nicholas Jackson', 'swilson@example.com', 'mpSRvTl6Il%4', '2023-04-26 01:11:43'),
(69, 'Emily Green', 'benderlindsey@example.com', 'YrDYq0(A#^6N', '2020-06-06 04:28:26'),
(70, 'Madison Golden', 'sabrina07@example.net', '_&pU$ov@#*0W', '2022-09-14 01:06:12'),
(71, 'Gabriella Chavez', 'stuart04@example.com', 'I4L^dtp9sDEn', '2021-08-11 13:46:40'),
(72, 'Angela Hunter', 'edward07@example.org', 'n)W3Kfl+7i+0', '2024-11-19 16:52:03'),
(73, 'Annette Holt', 'mcdonaldmichael@example.org', '!NDL#tz&n8H@', '2022-08-23 18:15:42'),
(74, 'Ryan Chambers', 'umyers@example.net', '%+ojU^zdhA2$', '2020-05-21 16:34:25'),
(75, 'Jack Williams', 'casey40@example.org', '$Z8!!SQt5fxL', '2021-12-04 21:49:26'),
(76, 'Barbara Huerta', 'jonesrobert@example.com', '!9Pwe^V!wbkl', '2021-05-06 12:07:15'),
(77, 'Shelly Johnson', 'robert52@example.net', '9@RAl%2a^2xO', '2023-04-28 20:19:41'),
(78, 'William Ford', 'williamscory@example.org', 'u)0KuoNLpouW', '2024-03-26 23:25:47'),
(79, 'Jacob George', 'nicolemiller@example.net', '#ON7qF7s^nBK', '2024-06-15 11:14:48'),
(80, 'Michael Ruiz', 'jacquelinedaugherty@example.net', 'KZ8WCJc^c5y@', '2022-11-20 11:46:18'),
(81, 'Jason Smith', 'nunezaaron@example.net', '1N5!zdL0AdCD', '2024-02-12 23:08:02'),
(82, 'Thomas Odonnell', 'paul59@example.com', '_0MIdb+Yr6YK', '2020-03-18 15:12:48'),
(83, 'Mrs. Kayla Phillips', 'gutierrezangela@example.com', '$5)0Hc5c0+0j', '2024-07-23 12:26:41'),
(84, 'Tyler Stevens', 'veronicagrant@example.net', '+p7R!wlXcZep', '2024-01-02 21:40:29'),
(85, 'Mr. Todd Hood Jr.', 'charlesmcdonald@example.com', '5fMVtCbH@7m9', '2021-11-02 08:16:34'),
(86, 'Chad Mitchell', 'lfrank@example.net', 'N(0jA9Wagc9W', '2021-03-07 14:23:51'),
(87, 'Cory Thomas', 'shannon16@example.org', 'Dhk7Od&KH#OD', '2024-09-10 02:15:08'),
(88, 'Ashley Watkins', 'fcooper@example.com', 'b9Hhtesl@JgV', '2020-03-22 11:42:18'),
(89, 'Steven Williams', 'garzamichael@example.org', '3iOtFxxl_7mp', '2020-10-10 01:02:02'),
(90, 'Candice Allen', 'zyoung@example.net', '#)!EYKqsEhm4', '2020-09-06 03:08:54'),
(91, 'Michael Johnson', 'michael95@example.net', '!_^VO+Kf%h0m', '2021-06-26 19:13:28'),
(92, 'Emily Stevens', 'smithmarcus@example.net', '(ZmCH6yPS6dL', '2021-07-07 01:15:30'),
(93, 'Heather Shaw', 'llee@example.com', '&CJIU&j!4*gY', '2021-11-29 21:28:15'),
(94, 'Alex Murphy', 'kentjulia@example.com', 'S!d62EEw6ZPk', '2024-10-17 13:53:04'),
(95, 'Amy Page', 'kimberly27@example.org', 'U47VhVpY%o5Z', '2024-05-29 22:39:59'),
(96, 'Tammy Schultz', 'joneschristopher@example.org', '51L!H2y0TtoE', '2022-05-06 16:31:50'),
(97, 'Allison Martinez', 'cummingsanthony@example.net', '6lj_nuSm_It#', '2021-08-31 15:30:05'),
(98, 'Valerie Hess', 'duffymaria@example.org', 'V)92)T7fJWnD', '2022-03-19 23:35:21'),
(99, 'Jason Adams', 'howellsarah@example.net', '8+dUEmt+)mE4', '2021-08-20 06:07:42'),
(100, 'Bethany Butler', 'jaclynsexton@example.com', 'Su5bJ8sLP%zf', '2021-10-03 12:11:26'),
(101, 'Amy Thompson', 'aliciagarcia@example.com', '3f5l!2KtZpNN', '2022-07-08 09:28:36'),
(102, 'Alexandria Phillips', 'johnmorris@example.org', '%42%dQQoj$Iq', '2021-10-09 03:08:25'),
(103, 'Victoria Glover', 'dunlapsandra@example.com', 'JY^U*Ygwh&F4', '2024-05-04 02:31:15'),
(104, 'Jon White', 'woodbarbara@example.com', '8#2oildp*uZV', '2023-04-19 14:02:29'),
(105, 'James Barnett', 'powersmichael@example.net', '@t4FMVhm!M9o', '2023-12-11 01:51:23'),
(106, 'Ashley Gibson', 'hskinner@example.com', 'Zm+%RuYMyOm8', '2024-08-04 23:18:19'),
(107, 'Marie Moore', 'haley77@example.org', 'hR6XG7y0@jlv', '2020-03-23 16:16:38'),
(108, 'Brent Shannon', 'jason81@example.com', '%4yMtm0q%8r4', '2025-03-29 14:14:23'),
(109, 'Robert Turner', 'jmassey@example.com', 'i446G$Gi*iQX', '2023-06-03 00:51:44'),
(110, 'David Glover', 'russelljennifer@example.com', '*6PHqW1US8U$', '2022-04-15 09:44:47'),
(111, 'Steven Johnston', 'ogardner@example.net', 'K#06NXwmpH^h', '2021-05-19 13:26:42'),
(112, 'Jonathan Carter', 'bettycharles@example.net', 'w)9OXsSXzJLK', '2024-05-24 03:32:49'),
(113, 'Mason Hanson', 'williamgarrett@example.net', 'p#5CrOt&&^5M', '2023-08-08 11:55:48'),
(114, 'Rachael Fisher', 'randerson@example.com', 'gBP26lfd@_9J', '2022-09-21 19:34:36'),
(115, 'Matthew Christian', 'lisa60@example.org', '(j%Us6Yb5)W)', '2022-03-31 23:48:43'),
(116, 'James Graham', 'vgonzalez@example.net', '*5QE%7t&2z&p', '2020-09-14 20:22:27'),
(117, 'Timothy Jones', 'lewisveronica@example.org', 'Z&1jQVxuQiLZ', '2023-05-22 07:24:56'),
(118, 'Veronica Morris', 'alicia51@example.net', 'aZT9FHwpei#_', '2021-12-16 06:50:15'),
(119, 'Kelly Saunders', 'gouldmichelle@example.org', '4+0lO!KmAK^1', '2023-03-08 00:10:40'),
(120, 'Raymond Murillo', 'utaylor@example.com', '(rLOx6sw9t6v', '2022-07-24 14:53:35'),
(121, 'Gabrielle Moore', 'whitney36@example.com', '*UhDZ9zHE$z4', '2024-03-01 23:23:28'),
(122, 'Steve Welch', 'amy57@example.org', 'jgO_L_&C7+2D', '2023-04-24 04:15:03'),
(123, 'Gabriel Bird', 'michaelbell@example.org', 'Q2g8RMw*&3qd', '2023-01-18 20:28:34'),
(124, 'Kellie James', 'sellersseth@example.org', 'Na8&_XrdWJ%T', '2024-08-27 04:28:52'),
(125, 'Megan Kennedy', 'achen@example.org', '8$23YWmvOAgU', '2022-05-08 09:36:02'),
(126, 'Amy Sweeney', 'whall@example.net', 'V%wXRIf@*7zB', '2023-04-17 00:03:23'),
(127, 'Ivan Kennedy', 'tamara00@example.net', '5@Ocd!xP6B3Y', '2023-07-23 06:22:20'),
(128, 'Benjamin Burgess', 'xbaird@example.org', 'xlPQDxml)a48', '2022-01-23 00:00:05'),
(129, 'Sarah Hughes', 'aaronmanning@example.org', 'vo2(@xsY!9Gt', '2020-10-20 04:12:38'),
(130, 'Holly Oconnell', 'ericskinner@example.net', 'ot9CMDWzB$8O', '2020-10-25 18:49:09'),
(131, 'Kristen Ramos', 'megansantiago@example.org', 'gQ#WJEfgjzE1', '2023-04-27 12:18:00'),
(132, 'Rachel Powell', 'glee@example.org', '$9Q7zdMydcp_', '2020-08-06 04:19:45'),
(133, 'Darren Oliver', 'hallmiranda@example.org', 'i7MHfCZ(sqm&', '2021-10-04 16:00:14'),
(134, 'Gregory Gray', 'bellclaudia@example.com', 'Y^T#LjnM47@0', '2020-10-22 00:43:59'),
(135, 'Matthew Lopez', 'matthewjones@example.com', '5kG1*E^dhq#c', '2022-10-11 06:58:24'),
(136, 'Patty Ruiz DVM', 'reginahardy@example.com', 'VFa4ZbOp%az$', '2022-03-11 20:22:52'),
(137, 'Robert Sharp', 'nrodgers@example.com', '^gZT9HVfnC@%', '2024-04-12 18:13:36'),
(138, 'Julia Diaz', 'upeterson@example.net', 'E##i03ZubGW4', '2022-05-08 09:41:16'),
(139, 'Cathy Perez PhD', 'monicaburton@example.org', ')89CIiDl#S9G', '2021-10-28 00:10:33'),
(140, 'Willie Page', 'marcus68@example.org', '7%SIUBMnC_9%', '2020-05-12 09:07:16'),
(141, 'Jessica Lopez', 'dwilliams@example.org', '!#EdabIK3f5A', '2020-08-17 06:00:37'),
(142, 'Heather Johnson', 'wilsonjessica@example.net', '@eRNmWLX8M!@', '2022-07-12 16:50:33'),
(143, 'Amy Hughes', 'sarahturner@example.net', 'j!zv2ClWu0!X', '2021-06-08 04:56:16'),
(144, 'Shawn Carpenter', 'frazierpatricia@example.com', '$MGG1)Kups$0', '2021-06-23 15:40:41'),
(145, 'Victoria Hoffman', 'gilljerry@example.net', 'j06DCMhb%_dw', '2021-10-19 03:10:03'),
(146, 'Paula Williams', 'stephanie20@example.com', '&qJ_6BLqFN8W', '2024-03-05 08:03:57'),
(147, 'Nancy Kirby', 'odavis@example.net', '14Sf2#%c(BYp', '2020-02-26 12:30:42'),
(148, 'Mary Simmons', 'brittanyroth@example.net', '$7QGUl@zg*K^', '2024-05-13 13:46:35'),
(149, 'Cynthia Smith', 'xnoble@example.net', 'g0D$kmFKy36E', '2025-03-22 09:34:16'),
(150, 'Jorge Welch', 'mariah24@example.org', '&yV@Ymtx@0b4', '2021-06-01 02:05:22'),
(151, 'Donna Walsh', 'kbryant@example.com', '@5ZM^Vfo#ZZu', '2023-09-04 05:43:46'),
(152, 'Cheryl Jackson', 'dustinserrano@example.net', '#+oLb@LyWeO1', '2023-06-03 21:14:06'),
(153, 'David Horn', 'john76@example.org', 'C8RfVwx_*WNd', '2023-05-10 10:39:19'),
(154, 'Ryan Perez', 'vdiaz@example.net', '%mt0sLx0@1EE', '2024-08-09 00:51:37'),
(155, 'Vanessa Hughes', 'sean51@example.net', '13NRTxxu*N1g', '2023-03-19 01:07:54'),
(156, 'James Meyer', 'uday@example.com', 'Y(A2l%Hi*g9a', '2024-02-15 04:42:31'),
(157, 'Sarah Frost', 'taylorweaver@example.org', 'A4bhGpm!(a)l', '2022-05-01 07:29:22'),
(158, 'Nicole Best', 'jaredlopez@example.net', 'Q2vCtMTj_q@0', '2020-12-24 03:42:14'),
(159, 'Linda Harris', 'lamariel@example.net', ')+wc2HRrPdIT', '2021-04-20 03:46:32'),
(160, 'Tara Ross', 'amy16@example.org', 'wt5bMlXHR*1c', '2021-09-07 04:55:45'),
(161, 'John Baird', 'williamssarah@example.net', 'BQt^3*ebk$4+', '2020-12-12 22:05:08'),
(162, 'Angela Knight', 'thomasdaniel@example.net', 'CZ4Bbbd6!V0j', '2023-12-19 06:46:35'),
(163, 'David Sloan', 'qmccoy@example.org', '(rhk1Nn2F+7X', '2020-08-17 20:39:17'),
(164, 'Tracy Morris', 'john44@example.org', '&I+U6hPeZ%8z', '2024-06-11 08:30:57'),
(165, 'Ashley Garza', 'camerongillespie@example.org', 'jV_SZcNq!0UL', '2024-05-14 00:02:51'),
(166, 'Jacob Francis', 'williamsstephanie@example.com', 'CV3O9(4aVwN)', '2021-02-21 05:41:19'),
(167, 'Dawn Deleon', 'moorebrian@example.net', 'SOvNmD*G6%7K', '2023-10-12 09:29:19'),
(168, 'Jillian Kim DDS', 'kenneth18@example.net', '_EPFcM0C!7(c', '2022-08-07 19:40:55'),
(169, 'Donna Guerrero', 'ydavis@example.com', 'NNsU#8UoKSf!', '2022-05-14 06:38:37'),
(170, 'Tina Johnson', 'brandon31@example.net', '*VGKcGa08_1K', '2020-05-30 16:02:39'),
(171, 'Donald Peters', 'molinajasmine@example.net', '4cA6mQfg@&9w', '2022-05-01 06:30:22'),
(172, 'Timothy Wise', 'bkelly@example.org', '%6AwCpiAOq*M', '2025-03-22 13:03:04'),
(173, 'Mary Garner', 'matthewjohnson@example.net', '&u1JuPe2m$j+', '2022-06-21 22:04:45'),
(174, 'Kari Johnson', 'hbutler@example.org', 'vL9_Yl)eR(yB', '2020-02-29 13:46:13'),
(175, 'Amanda Turner', 'amanda59@example.com', 'dj8wrux(@27T', '2021-10-09 20:16:58'),
(176, 'Marie Sampson', 'dhampton@example.net', '1Z#i$Zrs_68&', '2024-08-29 02:35:36'),
(177, 'Mary Hamilton', 'harrisronald@example.org', '^OX)W)Ug7!+9', '2021-09-24 21:34:46'),
(178, 'Angela Price', 'chenkelly@example.com', 'm8wsOYrE$t1_', '2023-05-21 09:14:22'),
(179, 'Joshua Gardner', 'pcooper@example.net', '*9OWc0v5+KS@', '2024-05-11 00:08:30'),
(180, 'Kenneth Burnett', 'tonyagregory@example.com', '!bHEp(NVv1h*', '2022-11-11 04:19:39'),
(181, 'Alicia Moore', 'bobhanson@example.com', '%QWF4X&Dq5Lv', '2021-11-15 06:16:58'),
(182, 'Clarence Jones', 'drobertson@example.com', 'd4q+K(mE66Bf', '2021-04-01 15:20:08'),
(183, 'Henry Carlson', 'fwright@example.org', 'z^&)B+c&^q_6', '2022-04-08 08:40:01'),
(184, 'Carla Benson', 'hbrown@example.com', '!5#l&qZp$VVV', '2020-05-15 04:34:13'),
(185, 'Nicole Rivera', 'goodwinchristina@example.com', 'e#988KmT*Svq', '2021-12-06 01:28:54'),
(186, 'Jennifer Delgado', 'hardyclaudia@example.net', '%^5cdjb4RdRT', '2022-11-27 09:07:03'),
(187, 'Brittany Knight', 'hsimmons@example.net', 'JzE$VrkJz&o7', '2021-12-23 15:50:36'),
(188, 'Nancy Garcia', 'zsmith@example.com', 'IMdiCbT*@0g6', '2020-10-07 18:39:54'),
(189, 'Jessica Lynch', 'reyesjared@example.org', '@@6uDZx$T1JF', '2021-02-14 03:40:13'),
(190, 'Brianna Best', 'juliejohnson@example.org', 'Jy_EZ8m!t+3E', '2021-01-09 23:56:21'),
(191, 'Yvonne Stone', 'beckdebra@example.net', 'wV2+6Oeme339', '2022-04-24 03:01:44'),
(192, 'Angela Moore', 'brenda17@example.org', 'om5f5Wg5Myx_', '2021-12-21 12:16:06'),
(193, 'Christopher Richardson', 'williamdavis@example.com', '_!W5NXtL(yK7', '2021-06-20 15:44:18'),
(194, 'John Nixon', 'franklong@example.net', '&95)u^)*ccPU', '2024-01-10 02:17:00'),
(195, 'Alyssa Shaw', 'ywilson@example.com', 'J!2B%v&5)!WU', '2022-08-30 23:10:24'),
(196, 'Debra Smith', 'uroth@example.org', '_8moyZbQ)SS5', '2020-05-02 12:31:41'),
(197, 'David Moody', 'jody77@example.org', 'kw#47Z@z4Dd3', '2020-04-22 01:55:11'),
(198, 'Samantha Jimenez', 'justinkline@example.com', 'wwOA)iOhy@7$', '2024-06-27 22:41:06'),
(199, 'Michael Baker', 'mark61@example.net', '#4cJOvIkS58b', '2025-01-04 21:01:51'),
(200, 'Oscar Kelly', 'lisanelson@example.com', 'GTZT7Jmn1@ft', '2024-07-03 18:50:52'),
(201, 'Travis Gilbert', 'rbecker@example.net', '^7cfMZzX^Bsv', '2023-12-11 03:18:19'),
(202, 'Anne Sharp', 'carolinebell@example.org', 'N@maf0wo#3SC', '2020-12-24 09:27:28'),
(203, 'Jamie Gill', 'hdunn@example.net', 'zZ+hYhOu^6AG', '2022-07-16 15:27:08'),
(204, 'Dustin Nelson', 'zfields@example.net', 'oZQMrZ4rx$0A', '2024-05-06 17:27:38'),
(205, 'Diane Hartman', 'gonzalezryan@example.org', 'A1mhT9@a@NGf', '2024-09-19 20:13:26'),
(206, 'Richard Johnson', 'katelyncordova@example.org', 'EZ$492cGe)wb', '2020-09-27 18:10:52'),
(207, 'Philip Burnett', 'jason27@example.net', 'Q%8bEFKpI^F8', '2024-08-19 08:50:04'),
(208, 'Mikayla Smith MD', 'robinjohnson@example.org', '7+uutZpl1iV1', '2025-02-11 20:19:44'),
(209, 'Joseph Mcgee', 'alexismoss@example.net', '(%8nAFmUqDhZ', '2020-09-01 00:38:18'),
(210, 'Russell Simpson', 'lindsey91@example.com', 'c1x$u)dmIxBC', '2023-09-14 05:57:27'),
(211, 'Christian Jimenez', 'isabellabrown@example.com', 'M90A0BV%%WWv', '2021-04-26 06:58:49'),
(212, 'Diane Gonzalez', 'reyesjulie@example.org', '!M%&tq8OVB9V', '2022-03-16 16:46:24'),
(213, 'Jennifer Henry', 'sphillips@example.org', '*^_0Y07yPG8#', '2025-04-02 09:18:59'),
(214, 'Dustin Maxwell', 'gdean@example.com', 'g4pTjt3G)N#S', '2024-05-23 17:50:08'),
(215, 'Rebecca Castaneda', 'tammyterry@example.org', 'c*5IuUiqPPKy', '2024-06-03 22:33:20'),
(216, 'Alicia Stokes', 'udunn@example.org', '^p0zhDNoK)6n', '2020-12-22 05:58:21'),
(217, 'Jillian Powers', 'moorekeith@example.org', '%uYsmI1Rc5D6', '2022-01-13 04:48:29'),
(218, 'Anna Goodwin', 'joy85@example.net', '+g(N#vbVE1A$', '2024-08-26 10:25:33'),
(219, 'Desiree Gentry', 'cherylfarmer@example.net', '+8luGd4313K8', '2021-08-19 11:35:50'),
(220, 'Dana Walker', 'cgriffith@example.org', 't5OD3gE%$uJh', '2022-05-21 20:45:43'),
(221, 'Robert Reynolds', 'kimberlybryan@example.net', 'Z%ak$Bo2@0da', '2024-06-11 15:10:02'),
(222, 'Pamela Sharp', 'carl96@example.net', '^Qy6y#^nu6DE', '2024-09-06 02:29:57'),
(223, 'Connor Perkins', 'doughertyscott@example.com', 'TF2n*Plo)qLq', '2020-06-06 20:30:16'),
(224, 'Kimberly Miller', 'donaldwright@example.net', '(OM%lRnQlxR0', '2020-06-15 02:50:24'),
(225, 'Robert White', 'ugalvan@example.net', 'o84HF%2v%Ye4', '2024-05-01 03:52:07'),
(226, 'Adriana Boyd', 'charles57@example.com', 'fo%Acr)f#j5G', '2023-04-19 12:11:42'),
(227, 'Edward Anderson', 'ryangonzalez@example.com', 'mb2Oin&c_)uB', '2024-01-08 10:03:37'),
(228, 'Michael Burgess', 'vgarcia@example.org', 'h@n5YywWBir3', '2022-10-16 23:49:29'),
(229, 'William Wagner', 'hhawkins@example.com', '$8mmXRQSxwBn', '2021-09-24 15:16:00'),
(230, 'Jenna White', 'william90@example.org', '(l8S!8bz90+!', '2021-06-23 00:38:15'),
(231, 'Kendra Fields', 'hunterreginald@example.org', 'Ek3XTk5u^@IG', '2023-09-23 00:49:13'),
(232, 'David Preston', 'jimmycasey@example.com', 'ho@#7WyJ!jPM', '2020-11-18 10:51:49'),
(233, 'Katherine Blake', 'catherinereyes@example.com', '&3*U4HfEA5Pm', '2020-09-06 00:54:57'),
(234, 'Carlos Butler', 'maxwellbrian@example.org', ')$e0H^VB!cQ+', '2023-06-03 13:47:50'),
(235, 'Jacob Murray', 'russelllaura@example.org', '2*+RaHKx8t8n', '2021-11-10 00:28:14'),
(236, 'Roger Carney', 'johnny74@example.org', 'x_98fwXg)MPn', '2021-07-11 03:55:10'),
(237, 'Ronnie Orr', 'xjones@example.net', 'R8H5tFWij!26', '2024-10-23 11:06:21'),
(238, 'Michelle Russell', 'sabrina53@example.com', '@0JLM7tp2oEh', '2023-04-22 19:01:16'),
(239, 'Elizabeth Hansen', 'cody42@example.com', '0!ntFzf+&^)Z', '2020-08-10 03:54:13'),
(240, 'Jacqueline Henderson', 'annejordan@example.com', '%lGuFCZs40XW', '2022-03-05 00:47:34'),
(241, 'William Cruz', 'yrios@example.net', '3^GPrw8qfx7Q', '2022-01-09 13:10:57'),
(242, 'Mark Estrada', 'amorris@example.org', '20oedH6o$4k4', '2025-03-11 18:19:39'),
(243, 'Anne Taylor', 'dsimpson@example.org', '4oMcZ!rs!UBm', '2020-10-26 05:08:54'),
(244, 'Joshua Calhoun', 'sheilaperkins@example.org', '&KZ75My0F9d(', '2020-03-16 11:19:27'),
(245, 'Amy Hamilton', 'jacobramsey@example.org', 'NRZeFsfdo*K0', '2022-09-08 22:25:23'),
(246, 'Stacey Graves', 'paynerobert@example.com', '@2Nbs!mHROx4', '2020-03-11 22:44:23'),
(247, 'Tracey Carr', 'debraswanson@example.org', 'VI*nvUubnvi3', '2020-06-05 19:11:18'),
(248, 'Timothy Banks', 'zgutierrez@example.net', 'L0A@A*of+Au3', '2023-10-11 08:22:54'),
(249, 'Robert Wang', 'nathan40@example.com', '!@SJT7*zHk26', '2021-03-28 21:56:40'),
(250, 'Maria Peterson', 'qcarter@example.com', '(Dp%3Nr@oQo*', '2022-07-25 15:21:36'),
(251, 'Steven Klein', 'adamjones@example.com', ')Dr+R#gMo20+', '2022-10-17 07:05:12'),
(252, 'Vicki Lee', 'wward@example.net', 'Ei*031T3d#G_', '2025-03-25 11:58:28'),
(253, 'Kenneth Murray', 'angelica31@example.org', 'IAm6HWiypx(v', '2025-03-23 03:31:37'),
(254, 'Luis Rodgers', 'erin15@example.com', 'n2Q3Ci5y#KLe', '2023-01-18 11:54:06'),
(255, 'Blake Wilson', 'daniel71@example.net', 'Vh7MCtsV7_id', '2020-11-24 11:08:33'),
(256, 'Laura Harper', 'christopherbrown@example.net', '&ZQ3nUB3eHxF', '2024-08-19 12:49:58'),
(257, 'Miguel Poole', 'haley16@example.net', '8QLN4jjg^1kP', '2023-04-28 14:38:18'),
(258, 'Carl Gibson', 'rwebb@example.net', '#^9TtNgXM1Yz', '2020-10-09 17:46:50'),
(259, 'Jacqueline Lucero', 'lisa84@example.net', 'MXaP2+oY(0D3', '2022-09-28 02:26:13'),
(260, 'Elizabeth Mack', 'hlivingston@example.net', '%VuZj&t87xLL', '2025-04-10 06:06:20'),
(261, 'Justin Mckinney', 'schmidtlorraine@example.net', 'K08Sn5H)j%$F', '2024-10-31 13:47:46'),
(262, 'Tanya Cunningham', 'paulcarroll@example.net', 'aLDL65mt!5cs', '2024-12-14 02:18:39'),
(263, 'Sean Jackson', 'powersvictoria@example.com', '%6jT)gWgiB35', '2021-04-15 06:14:35'),
(264, 'Colleen Vasquez', 'sarahchavez@example.net', '@jLFsq3a!E2v', '2022-06-13 02:06:30'),
(265, 'Kimberly Jackson', 'robert94@example.net', 'E1Y1SuB65^A#', '2024-11-05 13:08:50'),
(266, 'Justin Jackson', 'ianbailey@example.org', '9MWSy&#y_mDP', '2023-06-05 21:44:57'),
(267, 'Erica Evans DDS', 'knightjeffrey@example.org', '%0A$Q0)ak7Iv', '2023-04-11 13:41:19'),
(268, 'Justin Serrano', 'colleenanderson@example.com', '#UGqFILbU#6q', '2023-04-03 05:02:31'),
(269, 'Justin Martin', 'joseph45@example.com', 'zi88h6HxVv3)', '2022-01-26 03:05:21'),
(270, 'Stacy Lambert', 'arielrobinson@example.com', '#5vDTJi4%Qly', '2021-05-23 18:47:50'),
(271, 'Bryan Floyd', 'murphychristopher@example.net', '*J5OY6wwK%tL', '2023-10-09 21:32:39'),
(272, 'Carrie Evans', 'daniel41@example.com', 'bO9UAAdeb*A8', '2022-03-06 18:05:21'),
(273, 'Scott Garcia', 'fpage@example.org', '%VAoVD@gCZ_1', '2023-07-14 21:15:28'),
(274, 'Sharon Lee', 'bellrobert@example.org', '51i9OmoX%_3M', '2024-02-10 11:15:13'),
(275, 'John Campos', 'msanchez@example.net', ')bq4lGWfV9TB', '2021-10-09 00:04:27'),
(276, 'Edward Rodriguez', 'velazquezmorgan@example.com', '&5X*DxqZNkAB', '2025-01-14 19:29:45'),
(277, 'Donna Flores', 'andreaschroeder@example.com', 'a0$P9g106L9_', '2022-05-18 12:19:01'),
(278, 'Susan Kelly', 'barberkurt@example.org', '^8WltN)50gHW', '2020-07-26 20:02:43'),
(279, 'Carrie Alvarez', 'joseph48@example.net', 'm3XXAy#3S@58', '2023-04-30 03:36:44'),
(280, 'Steve Stafford', 'brett40@example.net', 'qB&$(PvhS!)4', '2022-02-28 16:50:46'),
(281, 'John Jimenez', 'walkerdavid@example.com', '32RSFXNo+#HR', '2024-05-20 13:06:50'),
(282, 'Colleen Williams', 'jeanettelambert@example.org', 'Uv&0UqR8N0kc', '2020-05-26 10:40:03'),
(283, 'Seth Stewart', 'phicks@example.org', '@S8_dTbxv8w8', '2024-01-13 22:42:26'),
(284, 'Megan Estrada', 'annasmith@example.net', 'S(5UGPjxF+10', '2021-05-20 22:35:07'),
(285, 'James Norman', 'kharris@example.net', ')a6hQt(zGhjE', '2022-10-06 17:35:43'),
(286, 'Nicole Harvey', 'drichardson@example.net', '$5FDXc63&stg', '2021-01-22 12:39:28'),
(287, 'Michael Long', 'bennettnicole@example.org', 'N^7ViVJrd2H3', '2024-07-01 14:29:45'),
(288, 'Jeremy Torres', 'qsummers@example.org', '^1jAwrt#D@0_', '2021-01-31 18:18:20'),
(289, 'Amanda Smith', 'michael98@example.net', 'Wj7kFa3PE(0K', '2020-06-11 00:23:40'),
(290, 'Christy Barnett', 'sstevens@example.org', '@9^q3GUh*5Wv', '2022-12-18 10:42:52'),
(291, 'Natalie Suarez', 'garrettkari@example.net', 'GY%SRiFoMQJ3', '2024-08-25 05:25:46'),
(292, 'David Cochran', 'mclaughlinlori@example.org', '6*U_MG8baXdt', '2022-04-23 02:32:43'),
(293, 'Tammy Rodriguez', 'sellerskatherine@example.com', ')uj)8Jj8RuPc', '2020-02-02 15:42:38'),
(294, 'Laura Mccall', 'martin50@example.org', '9^LAbxzOqm97', '2020-10-03 12:02:53'),
(295, 'Raymond Ellis', 'christinariley@example.com', '%28h!S0uwvK4', '2023-12-24 19:59:03'),
(296, 'Steven Gordon', 'ortegajennifer@example.org', 'qVJNE(%nF+3H', '2020-02-29 03:29:10'),
(297, 'Kelly Mckee', 'danielwalker@example.net', 'j9efwD(L@a2C', '2022-07-01 04:32:12'),
(298, 'Tracy Wood', 'atorres@example.org', ')i1HiAWlhW1n', '2020-07-06 21:14:04'),
(299, 'Wendy Edwards', 'maloneleslie@example.org', '$v_OCWH275+x', '2024-01-31 19:49:57'),
(300, 'Natasha Moody', 'portergabrielle@example.net', 'qv$yH4Up!xmr', '2020-04-06 23:35:23'),
(301, 'Madison Beck', 'mmeza@example.com', 'e7HBsz*dB!6S', '2020-06-12 13:31:28'),
(302, 'Gordon Lowe Jr.', 'sguerra@example.com', '%37KCKI9kh%(', '2022-06-09 02:58:26'),
(303, 'Gerald Campbell', 'jamie07@example.com', '65(xe#H%*0Xp', '2024-12-20 23:43:39'),
(304, 'Christine Johnson', 'david49@example.com', 'GiX7S_2v*h@l', '2024-03-02 09:13:02'),
(305, 'Curtis Bass', 'qlewis@example.com', 'G!D7ImZrhbP2', '2020-08-30 04:05:39'),
(306, 'Brett Anderson', 'jacobdavis@example.net', 'E$WZdxIvJ5m3', '2023-09-30 16:06:00'),
(307, 'Frances Potter', 'watsondenise@example.org', 'Q^F4hGKuEXA6', '2023-04-14 08:55:21'),
(308, 'Sharon Peterson', 'tonyabautista@example.org', '+75XHp#Jc+7Q', '2024-02-28 16:54:08'),
(309, 'Joy Jones', 'donnaeaton@example.org', 'qJNY1(Qoa%)4', '2024-05-09 23:54:04'),
(310, 'Linda Kline', 'dlawson@example.com', '@yQ_((Rq!X9c', '2023-09-15 16:47:16'),
(311, 'Robert Pacheco', 'katie67@example.com', '@sVDaHo$&C8*', '2024-05-16 20:05:42'),
(312, 'Dawn Cox', 'williamsjulie@example.org', 'oV*gd0#)%8MI', '2021-04-26 07:11:36'),
(313, 'Sabrina Mcbride', 'lisa41@example.org', '6noq!Ou$^194', '2020-02-26 11:03:54'),
(314, 'Kimberly Lambert', 'derekmyers@example.net', 'Y1i7RVoi(N2q', '2024-02-29 22:20:20'),
(315, 'Carla Gallegos', 'sdavis@example.net', 'j(!!@itGSC9A', '2021-08-03 23:30:32'),
(316, 'Angela Hines', 'jeremiah71@example.com', '*3_7*+OshYu_', '2022-12-03 16:42:41'),
(317, 'Natasha Ramirez', 'smithcassandra@example.org', 't244llGk+&u#', '2024-12-05 14:16:59'),
(318, 'Becky Gardner', 'tylerwhite@example.com', 'e)ty_Kg^Qz3T', '2022-01-07 20:22:39'),
(319, 'Alex Hunt', 'finleybrittany@example.com', '*O^+DEyV!g3c', '2021-09-16 04:42:51'),
(320, 'Doris Nelson', 'patriciaortiz@example.org', '9uL$Z&w7^2Av', '2022-08-01 13:07:22'),
(321, 'Madison Shepherd', 'ashleyduke@example.net', '(S7Z8_Bmn^6y', '2020-02-25 11:52:08'),
(322, 'Shari Harris', 'leenicole@example.net', '!y43tFlWOByZ', '2024-09-07 08:59:52'),
(323, 'Michael Black', 'eruiz@example.org', '7xzTJEuZ_%x)', '2020-04-27 14:18:09'),
(324, 'Carla Mills', 'davidsparks@example.net', '^u3T%nkCGuz+', '2024-03-06 17:10:09'),
(325, 'Chelsea Ortiz', 'williambass@example.net', '*34QkuSZLy7e', '2023-09-30 03:24:59'),
(326, 'Michael Meyer', 'victoriamorales@example.com', '!1+krP6eiHUg', '2024-12-13 12:00:34'),
(327, 'Justin Taylor', 'tammy63@example.org', '_Od$T9aq8RN(', '2023-11-19 05:46:35'),
(328, 'Patrick Hansen', 'harperdenise@example.net', '#2E$m6MMHxbO', '2021-05-31 10:43:58'),
(329, 'Rebekah Jacobs', 'lisa63@example.com', 'scb^1wJO6+Rt', '2020-03-11 00:09:34'),
(330, 'Kelly Fuller', 'charleslopez@example.com', 'Fz3lKO_tL!1s', '2022-11-22 02:06:02'),
(331, 'Brittany Wilson', 'ivalencia@example.net', '8CRRZPgr%1p&', '2024-09-26 20:45:52'),
(332, 'Sara Scott', 'stevenhunt@example.com', '#SC5kk%T(6Gm', '2020-08-01 23:43:34'),
(333, 'Brian Willis', 'johnnywilliams@example.org', 'lJflbaTV!4w(', '2023-08-25 15:46:31'),
(334, 'Michael Castillo', 'brookspaige@example.net', 'WI)3_QkqgkB5', '2024-07-26 15:41:16'),
(335, 'Laura Park', 'lhamilton@example.com', 'Gn)pk5Ge3L!V', '2025-01-18 05:03:56'),
(336, 'Alan Bishop', 'charlesmichelle@example.org', 'p@25AMCphf4V', '2023-06-10 22:08:55'),
(337, 'Jack Stone', 'molly81@example.com', 'uK4LVr0D_N7Y', '2024-12-28 00:59:06'),
(338, 'Margaret Ramirez', 'thomas28@example.com', '^r7EXwNkB1LF', '2021-04-23 11:40:56'),
(339, 'Gina Rice', 'joshua88@example.net', '0%24j^@1%GNm', '2021-02-21 11:44:07'),
(340, 'Leah Cunningham', 'dixonsean@example.org', '@5Yn%koyzZgA', '2022-04-15 10:25:28'),
(341, 'Christopher Rivera', 'meghan43@example.org', 'z!5@4SCzZQYw', '2023-10-02 17:56:07'),
(342, 'Christina Cantu', 'joeanderson@example.com', 'l9WtIF8L@aY4', '2021-08-16 03:12:52'),
(343, 'Abigail Young', 'greencarrie@example.net', 'E)9Jhm$%In+U', '2021-07-29 08:37:55'),
(344, 'Ernest Johnston', 'copelandjessica@example.org', '2V9iY1XtC_qt', '2022-10-23 07:56:28'),
(345, 'Dawn Green', 'thomasjames@example.org', 'P6D#Br($Ya7c', '2022-02-13 06:32:01'),
(346, 'Amanda Mercer', 'cdixon@example.org', 'Q$1N%awna%kL', '2024-12-30 19:11:10'),
(347, 'Peter Owen', 'patelanthony@example.org', '$YG)xvQa3%$v', '2024-02-26 04:54:13'),
(348, 'Christina Collier', 'austinsmith@example.org', 's+PhElCJBR4W', '2022-04-17 22:25:08'),
(349, 'Isaac Brown', 'lellis@example.net', '(87dz70U99KI', '2025-01-13 12:17:29'),
(350, 'Megan Thornton', 'murphypatrick@example.org', 'E)OEIDxl+d75', '2024-07-25 03:51:53'),
(351, 'Whitney Williams', 'karendennis@example.org', '0_)SGaPT^j2k', '2024-05-30 16:40:46'),
(352, 'Robert Anderson', 'kathleenmartin@example.org', 'EV!3Pt)w!&+3', '2022-12-29 20:12:10'),
(353, 'Jermaine Smith', 'myersrobin@example.net', 'B0YEftXU+UIV', '2024-12-16 03:37:49'),
(354, 'William Cannon', 'ashley23@example.net', '6qJYW+kc@DCE', '2023-12-02 17:05:34'),
(355, 'Ashley Chan', 'xsimmons@example.org', '_*dK5SC#ou!o', '2022-01-01 21:57:44'),
(356, 'Stephanie Martinez', 'wrightkatrina@example.net', '+%!4MXSgY1hC', '2023-07-30 10:44:55'),
(357, 'Donald Nelson', 'jacqueline75@example.net', '_EHh$6QhpP1)', '2024-01-19 21:35:01'),
(358, 'Donna Meyer', 'allisonbowman@example.org', '^W3BWxc$7!4s', '2022-02-20 09:04:59'),
(359, 'Destiny Johnson', 'richard01@example.net', '2*5L&Ay$NUQY', '2023-06-24 06:44:56'),
(360, 'Corey Beck', 'hubbardbrooke@example.org', '_3kn*1Is90Fz', '2023-06-06 14:11:51'),
(361, 'Kristen Glover', 'alison26@example.com', 'y0MADfxw*Ipt', '2022-11-06 03:06:37'),
(362, 'Matthew Johnson', 'adamdavis@example.net', '9@AmC(AU!jG6', '2023-08-11 10:18:31'),
(363, 'Darrell Hernandez', 'mmeadows@example.net', '3qxZzqim_k4V', '2022-01-12 14:24:58'),
(364, 'Andrea Browning', 'dorothydaniels@example.com', 'JvHT^3xG&2lD', '2024-02-15 15:22:09'),
(365, 'Ashley English', 'jordan22@example.net', 'Y$nxMhafD(M0', '2021-04-01 00:05:39'),
(366, 'Christina Mercer', 'ellistracy@example.org', 'OlP)zQi)k_1H', '2023-01-29 20:38:15'),
(367, 'Jared Hawkins', 'joshua68@example.org', 'I#%z0hD7j#6N', '2021-11-12 10:07:35'),
(368, 'Troy Ward', 'steinmichael@example.net', 'YaOFapn8@_12', '2024-10-03 21:22:22'),
(369, 'Jonathan Cook', 'greenabigail@example.com', '*31sAkW1MrIO', '2022-08-04 04:10:31'),
(370, 'Vickie Guzman', 'anthony36@example.com', ')RLZ2#tZP*20', '2021-10-24 08:51:24'),
(371, 'Evan Miller', 'dannylopez@example.net', 'd&#UhcHaP12&', '2021-03-30 21:18:39'),
(372, 'Michelle Webb', 'tbrown@example.org', 'a@!03aRmh86p', '2021-11-19 21:10:23'),
(373, 'Grace Swanson', 'lcochran@example.org', 'OyWT)gnVt2!(', '2023-11-01 12:00:14'),
(374, 'Shane Rodriguez', 'turnerstephanie@example.net', '!rTWYEV9i0MK', '2025-03-09 05:18:16'),
(375, 'Joseph Griffin', 'ijohnson@example.net', '4R^$HoaM)E7P', '2022-11-05 08:10:49'),
(376, 'Jonathan Anderson', 'zruiz@example.net', '8BPa^*R%)it+', '2023-07-09 17:50:29'),
(377, 'Terri Sanchez', 'isabella67@example.net', ')Z6SFOwvP*xV', '2020-08-16 08:41:46'),
(378, 'Richard Howard', 'raymargaret@example.org', 'oh#Wy#tL4R0&', '2024-07-31 20:04:57'),
(379, 'Rachel Castillo', 'uhale@example.net', 'JT2fYreB(m6Q', '2022-04-17 16:26:01'),
(380, 'Edward Guerrero', 'colelinda@example.net', '$yb$7VZvRtV5', '2021-12-16 09:44:21'),
(381, 'Ralph Long', 'freemandavid@example.com', 'Y(Pl4zY1ft3h', '2021-09-13 13:36:51'),
(382, 'Mr. David Vasquez', 'tylerpetty@example.com', '5XtVB%vhY&8%', '2023-06-10 16:17:36'),
(383, 'Jeffrey Thomas', 'bryantmichael@example.com', 'vGjE5rOzD#9G', '2022-11-09 11:50:13'),
(384, 'Dawn Johnston', 'sydneyanderson@example.org', 'X4*4cAmO(%Zz', '2021-02-02 19:06:40'),
(385, 'Tina Gray', 'feliciamontoya@example.net', '+N3yJx@A!30E', '2024-06-15 07:35:12'),
(386, 'Hunter Campos', 'john03@example.net', 'h)^tTYSk5c1e', '2023-04-03 06:59:41'),
(387, 'Peter Allen', 'bassjerome@example.org', ')fK9bUsHu9O#', '2022-07-21 04:02:49'),
(388, 'Lacey Jenkins', 'daviskathy@example.com', '7N@tVr*My95y', '2022-08-29 09:00:54'),
(389, 'Jennifer Huynh', 'qhorton@example.net', 'n88Mfb4i&8!U', '2021-04-14 15:41:49'),
(390, 'Felicia Jones', 'joshuafletcher@example.com', 'xxVV7Kjyx^8&', '2020-05-19 00:35:38'),
(391, 'Cameron Patrick', 'jeremy56@example.org', '(UTFhQZ!9z1k', '2021-02-22 06:52:07'),
(392, 'Lindsey Miller', 'jessica67@example.net', '#0xNbmhD&+Vt', '2020-03-29 08:07:02'),
(393, 'Richard Duncan', 'juliaporter@example.org', 'mV8uSrvx(jbo', '2024-04-20 03:32:53'),
(394, 'Mary Arias', 'malexander@example.net', 'U_GCnmn&X25_', '2023-03-17 04:15:47'),
(395, 'Tracy Vazquez', 'lross@example.com', 'F19WUg7d(DFj', '2023-06-05 00:14:29'),
(396, 'Nancy Bailey', 'lisa74@example.com', 'Zi9CT)zLI%67', '2023-02-27 06:05:18'),
(397, 'Kaitlin Andrews', 'amitchell@example.net', '2KUu4%rg#unb', '2023-11-07 12:35:00'),
(398, 'Caitlin Russell', 'ashleyskinner@example.org', 'OG^@6IyjFv_N', '2024-12-08 19:04:31'),
(399, 'Frank Gregory', 'mark66@example.net', 'FhX@GwoPut0U', '2020-09-01 02:16:00'),
(400, 'Christopher Rogers', 'jennifer87@example.org', 'b&2Isg5Y8Qya', '2020-09-25 01:32:30');

--
-- Indexes for dumped tables
--

--
-- Indexes for table `ingredients`
--
ALTER TABLE `ingredients`
  ADD PRIMARY KEY (`id_ingredient`);

--
-- Indexes for table `liste_courses`
--
ALTER TABLE `liste_courses`
  ADD PRIMARY KEY (`id_liste`),
  ADD KEY `id_utilisateur` (`id_utilisateur`);

--
-- Indexes for table `liste_courses_ingredients`
--
ALTER TABLE `liste_courses_ingredients`
  ADD PRIMARY KEY (`id_liste`,`id_ingredient`),
  ADD KEY `id_ingredient` (`id_ingredient`);

--
-- Indexes for table `plan_repas`
--
ALTER TABLE `plan_repas`
  ADD PRIMARY KEY (`id_plan`),
  ADD KEY `id_utilisateur` (`id_utilisateur`);

--
-- Indexes for table `profil_nutritionnel`
--
ALTER TABLE `profil_nutritionnel`
  ADD PRIMARY KEY (`id_profil`),
  ADD KEY `id_utilisateur` (`id_utilisateur`);

--
-- Indexes for table `recette`
--
ALTER TABLE `recette`
  ADD PRIMARY KEY (`id_recette`);

--
-- Indexes for table `recette_ingredients`
--
ALTER TABLE `recette_ingredients`
  ADD PRIMARY KEY (`id_recette`,`id_ingredient`),
  ADD KEY `id_ingredient` (`id_ingredient`);

--
-- Indexes for table `repas`
--
ALTER TABLE `repas`
  ADD PRIMARY KEY (`id_repas`),
  ADD KEY `id_plan` (`id_plan`),
  ADD KEY `id_recette` (`id_recette`);

--
-- Indexes for table `utilisateur`
--
ALTER TABLE `utilisateur`
  ADD PRIMARY KEY (`id_utilisateur`),
  ADD UNIQUE KEY `email` (`email`);

--
-- AUTO_INCREMENT for dumped tables
--

--
-- AUTO_INCREMENT for table `ingredients`
--
ALTER TABLE `ingredients`
  MODIFY `id_ingredient` int(11) NOT NULL AUTO_INCREMENT, AUTO_INCREMENT=421;

--
-- AUTO_INCREMENT for table `liste_courses`
--
ALTER TABLE `liste_courses`
  MODIFY `id_liste` int(11) NOT NULL AUTO_INCREMENT, AUTO_INCREMENT=101;

--
-- AUTO_INCREMENT for table `plan_repas`
--
ALTER TABLE `plan_repas`
  MODIFY `id_plan` int(11) NOT NULL AUTO_INCREMENT, AUTO_INCREMENT=101;

--
-- AUTO_INCREMENT for table `profil_nutritionnel`
--
ALTER TABLE `profil_nutritionnel`
  MODIFY `id_profil` int(11) NOT NULL AUTO_INCREMENT, AUTO_INCREMENT=401;

--
-- AUTO_INCREMENT for table `recette`
--
ALTER TABLE `recette`
  MODIFY `id_recette` int(11) NOT NULL AUTO_INCREMENT, AUTO_INCREMENT=101;

--
-- AUTO_INCREMENT for table `repas`
--
ALTER TABLE `repas`
  MODIFY `id_repas` int(11) NOT NULL AUTO_INCREMENT, AUTO_INCREMENT=201;

--
-- AUTO_INCREMENT for table `utilisateur`
--
ALTER TABLE `utilisateur`
  MODIFY `id_utilisateur` int(11) NOT NULL AUTO_INCREMENT, AUTO_INCREMENT=401;

--
-- Constraints for dumped tables
--

--
-- Constraints for table `liste_courses`
--
ALTER TABLE `liste_courses`
  ADD CONSTRAINT `liste_courses_ibfk_1` FOREIGN KEY (`id_utilisateur`) REFERENCES `utilisateur` (`id_utilisateur`);

--
-- Constraints for table `liste_courses_ingredients`
--
ALTER TABLE `liste_courses_ingredients`
  ADD CONSTRAINT `liste_courses_ingredients_ibfk_1` FOREIGN KEY (`id_liste`) REFERENCES `liste_courses` (`id_liste`),
  ADD CONSTRAINT `liste_courses_ingredients_ibfk_2` FOREIGN KEY (`id_ingredient`) REFERENCES `ingredients` (`id_ingredient`);

--
-- Constraints for table `plan_repas`
--
ALTER TABLE `plan_repas`
  ADD CONSTRAINT `plan_repas_ibfk_1` FOREIGN KEY (`id_utilisateur`) REFERENCES `utilisateur` (`id_utilisateur`);

--
-- Constraints for table `profil_nutritionnel`
--
ALTER TABLE `profil_nutritionnel`
  ADD CONSTRAINT `profil_nutritionnel_ibfk_1` FOREIGN KEY (`id_utilisateur`) REFERENCES `utilisateur` (`id_utilisateur`);

--
-- Constraints for table `recette_ingredients`
--
ALTER TABLE `recette_ingredients`
  ADD CONSTRAINT `recette_ingredients_ibfk_1` FOREIGN KEY (`id_recette`) REFERENCES `recette` (`id_recette`),
  ADD CONSTRAINT `recette_ingredients_ibfk_2` FOREIGN KEY (`id_ingredient`) REFERENCES `ingredients` (`id_ingredient`);

--
-- Constraints for table `repas`
--
ALTER TABLE `repas`
  ADD CONSTRAINT `repas_ibfk_1` FOREIGN KEY (`id_plan`) REFERENCES `plan_repas` (`id_plan`),
  ADD CONSTRAINT `repas_ibfk_2` FOREIGN KEY (`id_recette`) REFERENCES `recette` (`id_recette`);
COMMIT;

/*!40101 SET CHARACTER_SET_CLIENT=@OLD_CHARACTER_SET_CLIENT */;
/*!40101 SET CHARACTER_SET_RESULTS=@OLD_CHARACTER_SET_RESULTS */;
/*!40101 SET COLLATION_CONNECTION=@OLD_COLLATION_CONNECTION */;
